FREQ,Frequenza,REF_AREA,Territorio,DATA_TYPE,Indicatore,SEX,Sesso,AGE,Età,TIME_PERIOD,Osservazione,OBS_STATUS,'Stato dell"'osservazione'
A,Annuale,IT,Italia,EMP_R,Tasso di occupazione,1,Maschi,Y15-64,15-64 anni,2022,69.196611,,
A,Annuale,IT,Italia,EMP_R,Tasso di occupazione,2,Femmine,Y15-64,15-64 anni,2022,51.099794,,
A,Annuale,IT,Italia,EMP_R,Tasso di occupazione,9,Totale,Y15-64,15-64 anni,2022,60.141852,,
A,Annuale,ITCD,Nord,EMP_R,Tasso di occupazione,1,Maschi,Y15-64,15-64 anni,2022,75.342645,,
A,Annuale,ITCD,Nord,EMP_R,Tasso di occupazione,2,Femmine,Y15-64,15-64 anni,2022,60.833695,,
A,Annuale,ITCD,Nord,EMP_R,Tasso di occupazione,9,Totale,Y15-64,15-64 anni,2022,68.135512,,
A,Annuale,ITC,Nord-ovest,EMP_R,Tasso di occupazione,1,Maschi,Y15-64,15-64 anni,2022,74.940693,,
A,Annuale,ITC,Nord-ovest,EMP_R,Tasso di occupazione,2,Femmine,Y15-64,15-64 anni,2022,59.989406,,
A,Annuale,ITC,Nord-ovest,EMP_R,Tasso di occupazione,9,Totale,Y15-64,15-64 anni,2022,67.514831,,
A,Annuale,ITC1,Piemonte,EMP_R,Tasso di occupazione,1,Maschi,Y15-64,15-64 anni,2022,72.902553,,
A,Annuale,ITC1,Piemonte,EMP_R,Tasso di occupazione,2,Femmine,Y15-64,15-64 anni,2022,59.690587,,
A,Annuale,ITC1,Piemonte,EMP_R,Tasso di occupazione,9,Totale,Y15-64,15-64 anni,2022,66.307253,,
A,Annuale,ITC11,Torino,EMP_R,Tasso di occupazione,1,Maschi,Y15-64,15-64 anni,2022,71.458849,,
A,Annuale,ITC11,Torino,EMP_R,Tasso di occupazione,2,Femmine,Y15-64,15-64 anni,2022,58.539574,,
A,Annuale,ITC11,Torino,EMP_R,Tasso di occupazione,9,Totale,Y15-64,15-64 anni,2022,64.965094,,
A,Annuale,ITC12,Vercelli,EMP_R,Tasso di occupazione,1,Maschi,Y15-64,15-64 anni,2022,72.173982,,
A,Annuale,ITC12,Vercelli,EMP_R,Tasso di occupazione,2,Femmine,Y15-64,15-64 anni,2022,59.216229,,
A,Annuale,ITC12,Vercelli,EMP_R,Tasso di occupazione,9,Totale,Y15-64,15-64 anni,2022,65.755344,,
A,Annuale,ITC15,Novara,EMP_R,Tasso di occupazione,1,Maschi,Y15-64,15-64 anni,2022,73.609066,,
A,Annuale,ITC15,Novara,EMP_R,Tasso di occupazione,2,Femmine,Y15-64,15-64 anni,2022,61.13957,,
A,Annuale,ITC15,Novara,EMP_R,Tasso di occupazione,9,Totale,Y15-64,15-64 anni,2022,67.414382,,
A,Annuale,ITC16,Cuneo,EMP_R,Tasso di occupazione,1,Maschi,Y15-64,15-64 anni,2022,77.078133,,
A,Annuale,ITC16,Cuneo,EMP_R,Tasso di occupazione,2,Femmine,Y15-64,15-64 anni,2022,63.333578,,
A,Annuale,ITC16,Cuneo,EMP_R,Tasso di occupazione,9,Totale,Y15-64,15-64 anni,2022,70.309864,,
A,Annuale,ITC17,Asti,EMP_R,Tasso di occupazione,1,Maschi,Y15-64,15-64 anni,2022,75.090128,,
A,Annuale,ITC17,Asti,EMP_R,Tasso di occupazione,2,Femmine,Y15-64,15-64 anni,2022,60.607509,,
A,Annuale,ITC17,Asti,EMP_R,Tasso di occupazione,9,Totale,Y15-64,15-64 anni,2022,67.893149,,
A,Annuale,ITC18,Alessandria,EMP_R,Tasso di occupazione,1,Maschi,Y15-64,15-64 anni,2022,75.129154,,
A,Annuale,ITC18,Alessandria,EMP_R,Tasso di occupazione,2,Femmine,Y15-64,15-64 anni,2022,57.086988,,
A,Annuale,ITC18,Alessandria,EMP_R,Tasso di occupazione,9,Totale,Y15-64,15-64 anni,2022,66.175939,,
A,Annuale,ITC13,Biella,EMP_R,Tasso di occupazione,1,Maschi,Y15-64,15-64 anni,2022,70.695827,,
A,Annuale,ITC13,Biella,EMP_R,Tasso di occupazione,2,Femmine,Y15-64,15-64 anni,2022,62.115838,,
A,Annuale,ITC13,Biella,EMP_R,Tasso di occupazione,9,Totale,Y15-64,15-64 anni,2022,66.422868,,
A,Annuale,ITC14,Verbano-Cusio-Ossola,EMP_R,Tasso di occupazione,1,Maschi,Y15-64,15-64 anni,2022,70.034571,,
A,Annuale,ITC14,Verbano-Cusio-Ossola,EMP_R,Tasso di occupazione,2,Femmine,Y15-64,15-64 anni,2022,62.619631,,
A,Annuale,ITC14,Verbano-Cusio-Ossola,EMP_R,Tasso di occupazione,9,Totale,Y15-64,15-64 anni,2022,66.348712,,
A,Annuale,ITC2,'Valle d"'Aosta / Vallée d"'Aoste',EMP_R,Tasso di occupazione,1,Maschi,Y15-64,15-64 anni,2022,73.503056,,
A,Annuale,ITC2,'Valle d"'Aosta / Vallée d"'Aoste',EMP_R,Tasso di occupazione,2,Femmine,Y15-64,15-64 anni,2022,66.038422,,
A,Annuale,ITC2,'Valle d"'Aosta / Vallée d"'Aoste',EMP_R,Tasso di occupazione,9,Totale,Y15-64,15-64 anni,2022,69.775191,,
A,Annuale,ITC20,'Valle d"'Aosta / Vallée d"'Aoste',EMP_R,Tasso di occupazione,1,Maschi,Y15-64,15-64 anni,2022,73.503056,,
A,Annuale,ITC20,'Valle d"'Aosta / Vallée d"'Aoste',EMP_R,Tasso di occupazione,2,Femmine,Y15-64,15-64 anni,2022,66.038422,,
A,Annuale,ITC20,'Valle d"'Aosta / Vallée d"'Aoste',EMP_R,Tasso di occupazione,9,Totale,Y15-64,15-64 anni,2022,69.775191,,
A,Annuale,ITC3,Liguria,EMP_R,Tasso di occupazione,1,Maschi,Y15-64,15-64 anni,2022,74.698683,,
A,Annuale,ITC3,Liguria,EMP_R,Tasso di occupazione,2,Femmine,Y15-64,15-64 anni,2022,57.307674,,
A,Annuale,ITC3,Liguria,EMP_R,Tasso di occupazione,9,Totale,Y15-64,15-64 anni,2022,65.970823,,
A,Annuale,ITC31,Imperia,EMP_R,Tasso di occupazione,1,Maschi,Y15-64,15-64 anni,2022,71.878782,,
A,Annuale,ITC31,Imperia,EMP_R,Tasso di occupazione,2,Femmine,Y15-64,15-64 anni,2022,52.300775,,
A,Annuale,ITC31,Imperia,EMP_R,Tasso di occupazione,9,Totale,Y15-64,15-64 anni,2022,62.095862,,
A,Annuale,ITC32,Savona,EMP_R,Tasso di occupazione,1,Maschi,Y15-64,15-64 anni,2022,75.956257,,
A,Annuale,ITC32,Savona,EMP_R,Tasso di occupazione,2,Femmine,Y15-64,15-64 anni,2022,56.210191,,
A,Annuale,ITC32,Savona,EMP_R,Tasso di occupazione,9,Totale,Y15-64,15-64 anni,2022,66.059399,,
A,Annuale,ITC33,Genova,EMP_R,Tasso di occupazione,1,Maschi,Y15-64,15-64 anni,2022,75.391325,,
A,Annuale,ITC33,Genova,EMP_R,Tasso di occupazione,2,Femmine,Y15-64,15-64 anni,2022,59.54182,,
A,Annuale,ITC33,Genova,EMP_R,Tasso di occupazione,9,Totale,Y15-64,15-64 anni,2022,67.408761,,
A,Annuale,ITC34,La Spezia,EMP_R,Tasso di occupazione,1,Maschi,Y15-64,15-64 anni,2022,73.320206,,
A,Annuale,ITC34,La Spezia,EMP_R,Tasso di occupazione,2,Femmine,Y15-64,15-64 anni,2022,55.058997,,
A,Annuale,ITC34,La Spezia,EMP_R,Tasso di occupazione,9,Totale,Y15-64,15-64 anni,2022,64.22535,,
A,Annuale,ITC4,Lombardia,EMP_R,Tasso di occupazione,1,Maschi,Y15-64,15-64 anni,2022,75.826077,,
A,Annuale,ITC4,Lombardia,EMP_R,Tasso di occupazione,2,Femmine,Y15-64,15-64 anni,2022,60.427207,,
A,Annuale,ITC4,Lombardia,EMP_R,Tasso di occupazione,9,Totale,Y15-64,15-64 anni,2022,68.205818,,
A,Annuale,ITC41,Varese,EMP_R,Tasso di occupazione,1,Maschi,Y15-64,15-64 anni,2022,75.573731,,
A,Annuale,ITC41,Varese,EMP_R,Tasso di occupazione,2,Femmine,Y15-64,15-64 anni,2022,58.714416,,
A,Annuale,ITC41,Varese,EMP_R,Tasso di occupazione,9,Totale,Y15-64,15-64 anni,2022,67.179457,,
A,Annuale,ITC42,Como,EMP_R,Tasso di occupazione,1,Maschi,Y15-64,15-64 anni,2022,73.746578,,
A,Annuale,ITC42,Como,EMP_R,Tasso di occupazione,2,Femmine,Y15-64,15-64 anni,2022,59.944846,,
A,Annuale,ITC42,Como,EMP_R,Tasso di occupazione,9,Totale,Y15-64,15-64 anni,2022,66.924068,,
A,Annuale,ITC44,Sondrio,EMP_R,Tasso di occupazione,1,Maschi,Y15-64,15-64 anni,2022,71.058043,,
A,Annuale,ITC44,Sondrio,EMP_R,Tasso di occupazione,2,Femmine,Y15-64,15-64 anni,2022,59.272326,,
A,Annuale,ITC44,Sondrio,EMP_R,Tasso di occupazione,9,Totale,Y15-64,15-64 anni,2022,65.224127,,
A,Annuale,ITC45,Milano,EMP_R,Tasso di occupazione,1,Maschi,Y15-64,15-64 anni,2022,75.889979,,
A,Annuale,ITC45,Milano,EMP_R,Tasso di occupazione,2,Femmine,Y15-64,15-64 anni,2022,64.308483,,
A,Annuale,ITC45,Milano,EMP_R,Tasso di occupazione,9,Totale,Y15-64,15-64 anni,2022,70.114141,,
A,Annuale,ITC46,Bergamo,EMP_R,Tasso di occupazione,1,Maschi,Y15-64,15-64 anni,2022,76.978968,,
A,Annuale,ITC46,Bergamo,EMP_R,Tasso di occupazione,2,Femmine,Y15-64,15-64 anni,2022,57.753506,,
A,Annuale,ITC46,Bergamo,EMP_R,Tasso di occupazione,9,Totale,Y15-64,15-64 anni,2022,67.557074,,
A,Annuale,ITC47,Brescia,EMP_R,Tasso di occupazione,1,Maschi,Y15-64,15-64 anni,2022,77.289449,,
A,Annuale,ITC47,Brescia,EMP_R,Tasso di occupazione,2,Femmine,Y15-64,15-64 anni,2022,54.161483,,
A,Annuale,ITC47,Brescia,EMP_R,Tasso di occupazione,9,Totale,Y15-64,15-64 anni,2022,65.948751,,
A,Annuale,ITC48,Pavia,EMP_R,Tasso di occupazione,1,Maschi,Y15-64,15-64 anni,2022,74.054939,,
A,Annuale,ITC48,Pavia,EMP_R,Tasso di occupazione,2,Femmine,Y15-64,15-64 anni,2022,59.330109,,
A,Annuale,ITC48,Pavia,EMP_R,Tasso di occupazione,9,Totale,Y15-64,15-64 anni,2022,66.783457,,
A,Annuale,ITC4A,Cremona,EMP_R,Tasso di occupazione,1,Maschi,Y15-64,15-64 anni,2022,74.507477,,
A,Annuale,ITC4A,Cremona,EMP_R,Tasso di occupazione,2,Femmine,Y15-64,15-64 anni,2022,55.788965,,
A,Annuale,ITC4A,Cremona,EMP_R,Tasso di occupazione,9,Totale,Y15-64,15-64 anni,2022,65.303455,,
A,Annuale,ITC4B,Mantova,EMP_R,Tasso di occupazione,1,Maschi,Y15-64,15-64 anni,2022,78.380043,,
A,Annuale,ITC4B,Mantova,EMP_R,Tasso di occupazione,2,Femmine,Y15-64,15-64 anni,2022,60.19405,,
A,Annuale,ITC4B,Mantova,EMP_R,Tasso di occupazione,9,Totale,Y15-64,15-64 anni,2022,69.484541,,
A,Annuale,ITC43,Lecco,EMP_R,Tasso di occupazione,1,Maschi,Y15-64,15-64 anni,2022,74.441053,,
A,Annuale,ITC43,Lecco,EMP_R,Tasso di occupazione,2,Femmine,Y15-64,15-64 anni,2022,59.613693,,
A,Annuale,ITC43,Lecco,EMP_R,Tasso di occupazione,9,Totale,Y15-64,15-64 anni,2022,67.129581,,
A,Annuale,ITC49,Lodi,EMP_R,Tasso di occupazione,1,Maschi,Y15-64,15-64 anni,2022,74.813637,,
A,Annuale,ITC49,Lodi,EMP_R,Tasso di occupazione,2,Femmine,Y15-64,15-64 anni,2022,60.282219,,
A,Annuale,ITC49,Lodi,EMP_R,Tasso di occupazione,9,Totale,Y15-64,15-64 anni,2022,67.685092,,
A,Annuale,IT108,Monza e della Brianza,EMP_R,Tasso di occupazione,1,Maschi,Y15-64,15-64 anni,2022,75.783864,,
A,Annuale,IT108,Monza e della Brianza,EMP_R,Tasso di occupazione,2,Femmine,Y15-64,15-64 anni,2022,63.456853,,
A,Annuale,IT108,Monza e della Brianza,EMP_R,Tasso di occupazione,9,Totale,Y15-64,15-64 anni,2022,69.659741,,
A,Annuale,ITD,Nord-est,EMP_R,Tasso di occupazione,1,Maschi,Y15-64,15-64 anni,2022,75.891115,,
A,Annuale,ITD,Nord-est,EMP_R,Tasso di occupazione,2,Femmine,Y15-64,15-64 anni,2022,61.985021,,
A,Annuale,ITD,Nord-est,EMP_R,Tasso di occupazione,9,Totale,Y15-64,15-64 anni,2022,68.982187,,
A,Annuale,ITDA,Trentino Alto Adige / Südtirol,EMP_R,Tasso di occupazione,1,Maschi,Y15-64,15-64 anni,2022,77.241797,,
A,Annuale,ITDA,Trentino Alto Adige / Südtirol,EMP_R,Tasso di occupazione,2,Femmine,Y15-64,15-64 anni,2022,66.229656,,
A,Annuale,ITDA,Trentino Alto Adige / Südtirol,EMP_R,Tasso di occupazione,9,Totale,Y15-64,15-64 anni,2022,71.778009,,
A,Annuale,ITD1,Provincia Autonoma Bolzano / Bozen,EMP_R,Tasso di occupazione,1,Maschi,Y15-64,15-64 anni,2022,79.028313,,
A,Annuale,ITD1,Provincia Autonoma Bolzano / Bozen,EMP_R,Tasso di occupazione,2,Femmine,Y15-64,15-64 anni,2022,68.991499,,
A,Annuale,ITD1,Provincia Autonoma Bolzano / Bozen,EMP_R,Tasso di occupazione,9,Totale,Y15-64,15-64 anni,2022,74.056912,,
A,Annuale,ITD2,Provincia Autonoma Trento,EMP_R,Tasso di occupazione,1,Maschi,Y15-64,15-64 anni,2022,75.444738,,
A,Annuale,ITD2,Provincia Autonoma Trento,EMP_R,Tasso di occupazione,2,Femmine,Y15-64,15-64 anni,2022,63.471034,,
A,Annuale,ITD2,Provincia Autonoma Trento,EMP_R,Tasso di occupazione,9,Totale,Y15-64,15-64 anni,2022,69.493514,,
A,Annuale,ITD3,Veneto,EMP_R,Tasso di occupazione,1,Maschi,Y15-64,15-64 anni,2022,75.703865,,
A,Annuale,ITD3,Veneto,EMP_R,Tasso di occupazione,2,Femmine,Y15-64,15-64 anni,2022,59.782462,,
A,Annuale,ITD3,Veneto,EMP_R,Tasso di occupazione,9,Totale,Y15-64,15-64 anni,2022,67.812883,,
A,Annuale,ITD31,Verona,EMP_R,Tasso di occupazione,1,Maschi,Y15-64,15-64 anni,2022,75.11521,,
A,Annuale,ITD31,Verona,EMP_R,Tasso di occupazione,2,Femmine,Y15-64,15-64 anni,2022,61.34356,,
A,Annuale,ITD31,Verona,EMP_R,Tasso di occupazione,9,Totale,Y15-64,15-64 anni,2022,68.301654,,
A,Annuale,ITD32,Vicenza,EMP_R,Tasso di occupazione,1,Maschi,Y15-64,15-64 anni,2022,75.500507,,
A,Annuale,ITD32,Vicenza,EMP_R,Tasso di occupazione,2,Femmine,Y15-64,15-64 anni,2022,61.343967,,
A,Annuale,ITD32,Vicenza,EMP_R,Tasso di occupazione,9,Totale,Y15-64,15-64 anni,2022,68.555269,,
A,Annuale,ITD33,Belluno,EMP_R,Tasso di occupazione,1,Maschi,Y15-64,15-64 anni,2022,75.840081,,
A,Annuale,ITD33,Belluno,EMP_R,Tasso di occupazione,2,Femmine,Y15-64,15-64 anni,2022,64.290205,,
A,Annuale,ITD33,Belluno,EMP_R,Tasso di occupazione,9,Totale,Y15-64,15-64 anni,2022,70.092057,,
A,Annuale,ITD34,Treviso,EMP_R,Tasso di occupazione,1,Maschi,Y15-64,15-64 anni,2022,76.918396,,
A,Annuale,ITD34,Treviso,EMP_R,Tasso di occupazione,2,Femmine,Y15-64,15-64 anni,2022,55.041858,,
A,Annuale,ITD34,Treviso,EMP_R,Tasso di occupazione,9,Totale,Y15-64,15-64 anni,2022,66.084987,,
A,Annuale,ITD35,Venezia,EMP_R,Tasso di occupazione,1,Maschi,Y15-64,15-64 anni,2022,75.987723,,
A,Annuale,ITD35,Venezia,EMP_R,Tasso di occupazione,2,Femmine,Y15-64,15-64 anni,2022,61.815806,,
A,Annuale,ITD35,Venezia,EMP_R,Tasso di occupazione,9,Totale,Y15-64,15-64 anni,2022,68.913738,,
A,Annuale,ITD36,Padova,EMP_R,Tasso di occupazione,1,Maschi,Y15-64,15-64 anni,2022,75.580774,,
A,Annuale,ITD36,Padova,EMP_R,Tasso di occupazione,2,Femmine,Y15-64,15-64 anni,2022,59.789993,,
A,Annuale,ITD36,Padova,EMP_R,Tasso di occupazione,9,Totale,Y15-64,15-64 anni,2022,67.714515,,
A,Annuale,ITD37,Rovigo,EMP_R,Tasso di occupazione,1,Maschi,Y15-64,15-64 anni,2022,73.529946,,
A,Annuale,ITD37,Rovigo,EMP_R,Tasso di occupazione,2,Femmine,Y15-64,15-64 anni,2022,54.433417,,
A,Annuale,ITD37,Rovigo,EMP_R,Tasso di occupazione,9,Totale,Y15-64,15-64 anni,2022,64.08193,,
A,Annuale,ITD4,Friuli-Venezia Giulia,EMP_R,Tasso di occupazione,1,Maschi,Y15-64,15-64 anni,2022,74.980328,,
A,Annuale,ITD4,Friuli-Venezia Giulia,EMP_R,Tasso di occupazione,2,Femmine,Y15-64,15-64 anni,2022,61.88822,,
A,Annuale,ITD4,Friuli-Venezia Giulia,EMP_R,Tasso di occupazione,9,Totale,Y15-64,15-64 anni,2022,68.498364,,
A,Annuale,ITD42,Udine,EMP_R,Tasso di occupazione,1,Maschi,Y15-64,15-64 anni,2022,74.614864,,
A,Annuale,ITD42,Udine,EMP_R,Tasso di occupazione,2,Femmine,Y15-64,15-64 anni,2022,63.29369,,
A,Annuale,ITD42,Udine,EMP_R,Tasso di occupazione,9,Totale,Y15-64,15-64 anni,2022,68.976441,,
A,Annuale,ITD43,Gorizia,EMP_R,Tasso di occupazione,1,Maschi,Y15-64,15-64 anni,2022,73.439443,,
A,Annuale,ITD43,Gorizia,EMP_R,Tasso di occupazione,2,Femmine,Y15-64,15-64 anni,2022,57.652318,,
A,Annuale,ITD43,Gorizia,EMP_R,Tasso di occupazione,9,Totale,Y15-64,15-64 anni,2022,65.829381,,
A,Annuale,ITD44,Trieste,EMP_R,Tasso di occupazione,1,Maschi,Y15-64,15-64 anni,2022,73.05177,,
A,Annuale,ITD44,Trieste,EMP_R,Tasso di occupazione,2,Femmine,Y15-64,15-64 anni,2022,66.529514,,
A,Annuale,ITD44,Trieste,EMP_R,Tasso di occupazione,9,Totale,Y15-64,15-64 anni,2022,69.80702,,
A,Annuale,ITD41,Pordenone,EMP_R,Tasso di occupazione,1,Maschi,Y15-64,15-64 anni,2022,77.639174,,
A,Annuale,ITD41,Pordenone,EMP_R,Tasso di occupazione,2,Femmine,Y15-64,15-64 anni,2022,58.044474,,
A,Annuale,ITD41,Pordenone,EMP_R,Tasso di occupazione,9,Totale,Y15-64,15-64 anni,2022,67.95702,,
A,Annuale,ITD5,Emilia-Romagna,EMP_R,Tasso di occupazione,1,Maschi,Y15-64,15-64 anni,2022,76.007831,,
A,Annuale,ITD5,Emilia-Romagna,EMP_R,Tasso di occupazione,2,Femmine,Y15-64,15-64 anni,2022,63.391529,,
A,Annuale,ITD5,Emilia-Romagna,EMP_R,Tasso di occupazione,9,Totale,Y15-64,15-64 anni,2022,69.715003,,
A,Annuale,ITD51,Piacenza,EMP_R,Tasso di occupazione,1,Maschi,Y15-64,15-64 anni,2022,77.619303,,
A,Annuale,ITD51,Piacenza,EMP_R,Tasso di occupazione,2,Femmine,Y15-64,15-64 anni,2022,59.770102,,
A,Annuale,ITD51,Piacenza,EMP_R,Tasso di occupazione,9,Totale,Y15-64,15-64 anni,2022,68.81707,,
A,Annuale,ITD52,Parma,EMP_R,Tasso di occupazione,1,Maschi,Y15-64,15-64 anni,2022,78.807813,,
A,Annuale,ITD52,Parma,EMP_R,Tasso di occupazione,2,Femmine,Y15-64,15-64 anni,2022,63.225861,,
A,Annuale,ITD52,Parma,EMP_R,Tasso di occupazione,9,Totale,Y15-64,15-64 anni,2022,71.061948,,
A,Annuale,ITD53,'Reggio nell"'Emilia',EMP_R,Tasso di occupazione,1,Maschi,Y15-64,15-64 anni,2022,73.028818,,
A,Annuale,ITD53,'Reggio nell"'Emilia',EMP_R,Tasso di occupazione,2,Femmine,Y15-64,15-64 anni,2022,61.885048,,
A,Annuale,ITD53,'Reggio nell"'Emilia',EMP_R,Tasso di occupazione,9,Totale,Y15-64,15-64 anni,2022,67.529423,,
A,Annuale,ITD54,Modena,EMP_R,Tasso di occupazione,1,Maschi,Y15-64,15-64 anni,2022,76.049129,,
A,Annuale,ITD54,Modena,EMP_R,Tasso di occupazione,2,Femmine,Y15-64,15-64 anni,2022,65.879022,,
A,Annuale,ITD54,Modena,EMP_R,Tasso di occupazione,9,Totale,Y15-64,15-64 anni,2022,71.011718,,
A,Annuale,ITD55,Bologna,EMP_R,Tasso di occupazione,1,Maschi,Y15-64,15-64 anni,2022,76.70927,,
A,Annuale,ITD55,Bologna,EMP_R,Tasso di occupazione,2,Femmine,Y15-64,15-64 anni,2022,66.542543,,
A,Annuale,ITD55,Bologna,EMP_R,Tasso di occupazione,9,Totale,Y15-64,15-64 anni,2022,71.59607,,
A,Annuale,ITD56,Ferrara,EMP_R,Tasso di occupazione,1,Maschi,Y15-64,15-64 anni,2022,73.708523,,
A,Annuale,ITD56,Ferrara,EMP_R,Tasso di occupazione,2,Femmine,Y15-64,15-64 anni,2022,60.311159,,
A,Annuale,ITD56,Ferrara,EMP_R,Tasso di occupazione,9,Totale,Y15-64,15-64 anni,2022,67.011503,,
A,Annuale,ITD57,Ravenna,EMP_R,Tasso di occupazione,1,Maschi,Y15-64,15-64 anni,2022,77.169687,,
A,Annuale,ITD57,Ravenna,EMP_R,Tasso di occupazione,2,Femmine,Y15-64,15-64 anni,2022,63.149564,,
A,Annuale,ITD57,Ravenna,EMP_R,Tasso di occupazione,9,Totale,Y15-64,15-64 anni,2022,70.183292,,
A,Annuale,ITD58,Forlì-Cesena,EMP_R,Tasso di occupazione,1,Maschi,Y15-64,15-64 anni,2022,77.430501,,
A,Annuale,ITD58,Forlì-Cesena,EMP_R,Tasso di occupazione,2,Femmine,Y15-64,15-64 anni,2022,63.141018,,
A,Annuale,ITD58,Forlì-Cesena,EMP_R,Tasso di occupazione,9,Totale,Y15-64,15-64 anni,2022,70.282887,,
A,Annuale,ITD59,Rimini,EMP_R,Tasso di occupazione,1,Maschi,Y15-64,15-64 anni,2022,72.71421,,
A,Annuale,ITD59,Rimini,EMP_R,Tasso di occupazione,2,Femmine,Y15-64,15-64 anni,2022,57.919696,,
A,Annuale,ITD59,Rimini,EMP_R,Tasso di occupazione,9,Totale,Y15-64,15-64 anni,2022,65.216453,,
A,Annuale,ITE,Centro,EMP_R,Tasso di occupazione,1,Maschi,Y15-64,15-64 anni,2022,72.054116,,
A,Annuale,ITE,Centro,EMP_R,Tasso di occupazione,2,Femmine,Y15-64,15-64 anni,2022,57.564894,,
A,Annuale,ITE,Centro,EMP_R,Tasso di occupazione,9,Totale,Y15-64,15-64 anni,2022,64.756514,,
A,Annuale,ITE1,Toscana,EMP_R,Tasso di occupazione,1,Maschi,Y15-64,15-64 anni,2022,75.12049,,
A,Annuale,ITE1,Toscana,EMP_R,Tasso di occupazione,2,Femmine,Y15-64,15-64 anni,2022,62.145987,,
A,Annuale,ITE1,Toscana,EMP_R,Tasso di occupazione,9,Totale,Y15-64,15-64 anni,2022,68.602279,,
A,Annuale,ITE11,Massa-Carrara,EMP_R,Tasso di occupazione,1,Maschi,Y15-64,15-64 anni,2022,70.267089,,
A,Annuale,ITE11,Massa-Carrara,EMP_R,Tasso di occupazione,2,Femmine,Y15-64,15-64 anni,2022,51.102935,,
A,Annuale,ITE11,Massa-Carrara,EMP_R,Tasso di occupazione,9,Totale,Y15-64,15-64 anni,2022,60.721173,,
A,Annuale,ITE12,Lucca,EMP_R,Tasso di occupazione,1,Maschi,Y15-64,15-64 anni,2022,77.114876,,
A,Annuale,ITE12,Lucca,EMP_R,Tasso di occupazione,2,Femmine,Y15-64,15-64 anni,2022,57.326044,,
A,Annuale,ITE12,Lucca,EMP_R,Tasso di occupazione,9,Totale,Y15-64,15-64 anni,2022,67.159526,,
A,Annuale,ITE13,Pistoia,EMP_R,Tasso di occupazione,1,Maschi,Y15-64,15-64 anni,2022,74.422906,,
A,Annuale,ITE13,Pistoia,EMP_R,Tasso di occupazione,2,Femmine,Y15-64,15-64 anni,2022,59.233523,,
A,Annuale,ITE13,Pistoia,EMP_R,Tasso di occupazione,9,Totale,Y15-64,15-64 anni,2022,66.762247,,
A,Annuale,ITE14,Firenze,EMP_R,Tasso di occupazione,1,Maschi,Y15-64,15-64 anni,2022,74.683486,,
A,Annuale,ITE14,Firenze,EMP_R,Tasso di occupazione,2,Femmine,Y15-64,15-64 anni,2022,69.089891,,
A,Annuale,ITE14,Firenze,EMP_R,Tasso di occupazione,9,Totale,Y15-64,15-64 anni,2022,71.853944,,
A,Annuale,ITE16,Livorno,EMP_R,Tasso di occupazione,1,Maschi,Y15-64,15-64 anni,2022,75.492892,,
A,Annuale,ITE16,Livorno,EMP_R,Tasso di occupazione,2,Femmine,Y15-64,15-64 anni,2022,56.724964,,
A,Annuale,ITE16,Livorno,EMP_R,Tasso di occupazione,9,Totale,Y15-64,15-64 anni,2022,66.035925,,
A,Annuale,ITE17,Pisa,EMP_R,Tasso di occupazione,1,Maschi,Y15-64,15-64 anni,2022,73.011392,,
A,Annuale,ITE17,Pisa,EMP_R,Tasso di occupazione,2,Femmine,Y15-64,15-64 anni,2022,62.560047,,
A,Annuale,ITE17,Pisa,EMP_R,Tasso di occupazione,9,Totale,Y15-64,15-64 anni,2022,67.803277,,
A,Annuale,ITE18,Arezzo,EMP_R,Tasso di occupazione,1,Maschi,Y15-64,15-64 anni,2022,76.343513,,
A,Annuale,ITE18,Arezzo,EMP_R,Tasso di occupazione,2,Femmine,Y15-64,15-64 anni,2022,62.844774,,
A,Annuale,ITE18,Arezzo,EMP_R,Tasso di occupazione,9,Totale,Y15-64,15-64 anni,2022,69.594732,,
A,Annuale,ITE19,Siena,EMP_R,Tasso di occupazione,1,Maschi,Y15-64,15-64 anni,2022,76.765135,,
A,Annuale,ITE19,Siena,EMP_R,Tasso di occupazione,2,Femmine,Y15-64,15-64 anni,2022,61.338096,,
A,Annuale,ITE19,Siena,EMP_R,Tasso di occupazione,9,Totale,Y15-64,15-64 anni,2022,68.99679,,
A,Annuale,ITE1A,Grosseto,EMP_R,Tasso di occupazione,1,Maschi,Y15-64,15-64 anni,2022,80.145505,,
A,Annuale,ITE1A,Grosseto,EMP_R,Tasso di occupazione,2,Femmine,Y15-64,15-64 anni,2022,58.22993,,
A,Annuale,ITE1A,Grosseto,EMP_R,Tasso di occupazione,9,Totale,Y15-64,15-64 anni,2022,69.155004,,
A,Annuale,ITE15,Prato,EMP_R,Tasso di occupazione,1,Maschi,Y15-64,15-64 anni,2022,73.873747,,
A,Annuale,ITE15,Prato,EMP_R,Tasso di occupazione,2,Femmine,Y15-64,15-64 anni,2022,62.735815,,
A,Annuale,ITE15,Prato,EMP_R,Tasso di occupazione,9,Totale,Y15-64,15-64 anni,2022,68.341996,,
A,Annuale,ITE2,Umbria,EMP_R,Tasso di occupazione,1,Maschi,Y15-64,15-64 anni,2022,71.773679,,
A,Annuale,ITE2,Umbria,EMP_R,Tasso di occupazione,2,Femmine,Y15-64,15-64 anni,2022,58.074044,,
A,Annuale,ITE2,Umbria,EMP_R,Tasso di occupazione,9,Totale,Y15-64,15-64 anni,2022,64.854642,,
A,Annuale,ITE21,Perugia,EMP_R,Tasso di occupazione,1,Maschi,Y15-64,15-64 anni,2022,72.331325,,
A,Annuale,ITE21,Perugia,EMP_R,Tasso di occupazione,2,Femmine,Y15-64,15-64 anni,2022,60.094878,,
A,Annuale,ITE21,Perugia,EMP_R,Tasso di occupazione,9,Totale,Y15-64,15-64 anni,2022,66.154517,,
A,Annuale,ITE22,Terni,EMP_R,Tasso di occupazione,1,Maschi,Y15-64,15-64 anni,2022,70.096151,,
A,Annuale,ITE22,Terni,EMP_R,Tasso di occupazione,2,Femmine,Y15-64,15-64 anni,2022,52.022756,,
A,Annuale,ITE22,Terni,EMP_R,Tasso di occupazione,9,Totale,Y15-64,15-64 anni,2022,60.953084,,
A,Annuale,ITE3,Marche,EMP_R,Tasso di occupazione,1,Maschi,Y15-64,15-64 anni,2022,73.88979,,
A,Annuale,ITE3,Marche,EMP_R,Tasso di occupazione,2,Femmine,Y15-64,15-64 anni,2022,59.754644,,
A,Annuale,ITE3,Marche,EMP_R,Tasso di occupazione,9,Totale,Y15-64,15-64 anni,2022,66.836567,,
A,Annuale,ITE31,Pesaro e Urbino,EMP_R,Tasso di occupazione,1,Maschi,Y15-64,15-64 anni,2022,76.673485,,
A,Annuale,ITE31,Pesaro e Urbino,EMP_R,Tasso di occupazione,2,Femmine,Y15-64,15-64 anni,2022,62.396205,,
A,Annuale,ITE31,Pesaro e Urbino,EMP_R,Tasso di occupazione,9,Totale,Y15-64,15-64 anni,2022,69.556554,,
A,Annuale,ITE32,Ancona,EMP_R,Tasso di occupazione,1,Maschi,Y15-64,15-64 anni,2022,72.58033,,
A,Annuale,ITE32,Ancona,EMP_R,Tasso di occupazione,2,Femmine,Y15-64,15-64 anni,2022,61.545321,,
A,Annuale,ITE32,Ancona,EMP_R,Tasso di occupazione,9,Totale,Y15-64,15-64 anni,2022,67.077181,,
A,Annuale,ITE33,Macerata,EMP_R,Tasso di occupazione,1,Maschi,Y15-64,15-64 anni,2022,74.475956,,
A,Annuale,ITE33,Macerata,EMP_R,Tasso di occupazione,2,Femmine,Y15-64,15-64 anni,2022,56.020003,,
A,Annuale,ITE33,Macerata,EMP_R,Tasso di occupazione,9,Totale,Y15-64,15-64 anni,2022,65.271975,,
A,Annuale,ITE34,Ascoli Piceno,EMP_R,Tasso di occupazione,1,Maschi,Y15-64,15-64 anni,2022,72.722761,,
A,Annuale,ITE34,Ascoli Piceno,EMP_R,Tasso di occupazione,2,Femmine,Y15-64,15-64 anni,2022,57.430077,,
A,Annuale,ITE34,Ascoli Piceno,EMP_R,Tasso di occupazione,9,Totale,Y15-64,15-64 anni,2022,65.055394,,
A,Annuale,IT109,Fermo,EMP_R,Tasso di occupazione,1,Maschi,Y15-64,15-64 anni,2022,71.935853,,
A,Annuale,IT109,Fermo,EMP_R,Tasso di occupazione,2,Femmine,Y15-64,15-64 anni,2022,58.804886,,
A,Annuale,IT109,Fermo,EMP_R,Tasso di occupazione,9,Totale,Y15-64,15-64 anni,2022,65.389403,,
A,Annuale,ITE4,Lazio,EMP_R,Tasso di occupazione,1,Maschi,Y15-64,15-64 anni,2022,69.703183,,
A,Annuale,ITE4,Lazio,EMP_R,Tasso di occupazione,2,Femmine,Y15-64,15-64 anni,2022,54.109696,,
A,Annuale,ITE4,Lazio,EMP_R,Tasso di occupazione,9,Totale,Y15-64,15-64 anni,2022,61.821813,,
A,Annuale,ITE41,Viterbo,EMP_R,Tasso di occupazione,1,Maschi,Y15-64,15-64 anni,2022,68.976802,,
A,Annuale,ITE41,Viterbo,EMP_R,Tasso di occupazione,2,Femmine,Y15-64,15-64 anni,2022,47.726278,,
A,Annuale,ITE41,Viterbo,EMP_R,Tasso di occupazione,9,Totale,Y15-64,15-64 anni,2022,58.403403,,
A,Annuale,ITE42,Rieti,EMP_R,Tasso di occupazione,1,Maschi,Y15-64,15-64 anni,2022,66.211227,,
A,Annuale,ITE42,Rieti,EMP_R,Tasso di occupazione,2,Femmine,Y15-64,15-64 anni,2022,50.300326,,
A,Annuale,ITE42,Rieti,EMP_R,Tasso di occupazione,9,Totale,Y15-64,15-64 anni,2022,58.42431,,
A,Annuale,ITE43,Roma,EMP_R,Tasso di occupazione,1,Maschi,Y15-64,15-64 anni,2022,70.398195,,
A,Annuale,ITE43,Roma,EMP_R,Tasso di occupazione,2,Femmine,Y15-64,15-64 anni,2022,57.118818,,
A,Annuale,ITE43,Roma,EMP_R,Tasso di occupazione,9,Totale,Y15-64,15-64 anni,2022,63.645032,,
A,Annuale,ITE44,Latina,EMP_R,Tasso di occupazione,1,Maschi,Y15-64,15-64 anni,2022,67.156005,,
A,Annuale,ITE44,Latina,EMP_R,Tasso di occupazione,2,Femmine,Y15-64,15-64 anni,2022,43.615812,,
A,Annuale,ITE44,Latina,EMP_R,Tasso di occupazione,9,Totale,Y15-64,15-64 anni,2022,55.490381,,
A,Annuale,ITE45,Frosinone,EMP_R,Tasso di occupazione,1,Maschi,Y15-64,15-64 anni,2022,68.227309,,
A,Annuale,ITE45,Frosinone,EMP_R,Tasso di occupazione,2,Femmine,Y15-64,15-64 anni,2022,44.214328,,
A,Annuale,ITE45,Frosinone,EMP_R,Tasso di occupazione,9,Totale,Y15-64,15-64 anni,2022,56.239368,,
A,Annuale,ITFG,Mezzogiorno,EMP_R,Tasso di occupazione,1,Maschi,Y15-64,15-64 anni,2022,59.124011,,
A,Annuale,ITFG,Mezzogiorno,EMP_R,Tasso di occupazione,2,Femmine,Y15-64,15-64 anni,2022,34.365777,,
A,Annuale,ITFG,Mezzogiorno,EMP_R,Tasso di occupazione,9,Totale,Y15-64,15-64 anni,2022,46.662671,,
A,Annuale,ITF1,Abruzzo,EMP_R,Tasso di occupazione,1,Maschi,Y15-64,15-64 anni,2022,69.29182,,
A,Annuale,ITF1,Abruzzo,EMP_R,Tasso di occupazione,2,Femmine,Y15-64,15-64 anni,2022,47.524725,,
A,Annuale,ITF1,Abruzzo,EMP_R,Tasso di occupazione,9,Totale,Y15-64,15-64 anni,2022,58.419799,,
A,Annuale,ITF11,'L"'Aquila',EMP_R,Tasso di occupazione,1,Maschi,Y15-64,15-64 anni,2022,68.706459,,
A,Annuale,ITF11,'L"'Aquila',EMP_R,Tasso di occupazione,2,Femmine,Y15-64,15-64 anni,2022,45.91222,,
A,Annuale,ITF11,'L"'Aquila',EMP_R,Tasso di occupazione,9,Totale,Y15-64,15-64 anni,2022,57.480245,,
A,Annuale,ITF12,Teramo,EMP_R,Tasso di occupazione,1,Maschi,Y15-64,15-64 anni,2022,69.606567,,
A,Annuale,ITF12,Teramo,EMP_R,Tasso di occupazione,2,Femmine,Y15-64,15-64 anni,2022,55.387838,,
A,Annuale,ITF12,Teramo,EMP_R,Tasso di occupazione,9,Totale,Y15-64,15-64 anni,2022,62.50703,,
A,Annuale,ITF13,Pescara,EMP_R,Tasso di occupazione,1,Maschi,Y15-64,15-64 anni,2022,70.105065,,
A,Annuale,ITF13,Pescara,EMP_R,Tasso di occupazione,2,Femmine,Y15-64,15-64 anni,2022,46.485867,,
A,Annuale,ITF13,Pescara,EMP_R,Tasso di occupazione,9,Totale,Y15-64,15-64 anni,2022,58.191285,,
A,Annuale,ITF14,Chieti,EMP_R,Tasso di occupazione,1,Maschi,Y15-64,15-64 anni,2022,68.805352,,
A,Annuale,ITF14,Chieti,EMP_R,Tasso di occupazione,2,Femmine,Y15-64,15-64 anni,2022,43.195951,,
A,Annuale,ITF14,Chieti,EMP_R,Tasso di occupazione,9,Totale,Y15-64,15-64 anni,2022,55.97903,,
A,Annuale,ITF2,Molise,EMP_R,Tasso di occupazione,1,Maschi,Y15-64,15-64 anni,2022,64.915263,,
A,Annuale,ITF2,Molise,EMP_R,Tasso di occupazione,2,Femmine,Y15-64,15-64 anni,2022,44.531093,,
A,Annuale,ITF2,Molise,EMP_R,Tasso di occupazione,9,Totale,Y15-64,15-64 anni,2022,54.835635,,
A,Annuale,ITF22,Campobasso,EMP_R,Tasso di occupazione,1,Maschi,Y15-64,15-64 anni,2022,63.980396,,
A,Annuale,ITF22,Campobasso,EMP_R,Tasso di occupazione,2,Femmine,Y15-64,15-64 anni,2022,43.038575,,
A,Annuale,ITF22,Campobasso,EMP_R,Tasso di occupazione,9,Totale,Y15-64,15-64 anni,2022,53.617263,,
A,Annuale,ITF21,Isernia,EMP_R,Tasso di occupazione,1,Maschi,Y15-64,15-64 anni,2022,67.411017,,
A,Annuale,ITF21,Isernia,EMP_R,Tasso di occupazione,2,Femmine,Y15-64,15-64 anni,2022,48.531279,,
A,Annuale,ITF21,Isernia,EMP_R,Tasso di occupazione,9,Totale,Y15-64,15-64 anni,2022,58.089113,,
A,Annuale,ITF3,Campania,EMP_R,Tasso di occupazione,1,Maschi,Y15-64,15-64 anni,2022,56.498482,,
A,Annuale,ITF3,Campania,EMP_R,Tasso di occupazione,2,Femmine,Y15-64,15-64 anni,2022,30.590389,,
A,Annuale,ITF3,Campania,EMP_R,Tasso di occupazione,9,Totale,Y15-64,15-64 anni,2022,43.418555,,
A,Annuale,ITF31,Caserta,EMP_R,Tasso di occupazione,1,Maschi,Y15-64,15-64 anni,2022,57.212719,,
A,Annuale,ITF31,Caserta,EMP_R,Tasso di occupazione,2,Femmine,Y15-64,15-64 anni,2022,27.33162,,
A,Annuale,ITF31,Caserta,EMP_R,Tasso di occupazione,9,Totale,Y15-64,15-64 anni,2022,42.185189,,
A,Annuale,ITF32,Benevento,EMP_R,Tasso di occupazione,1,Maschi,Y15-64,15-64 anni,2022,61.994577,,
A,Annuale,ITF32,Benevento,EMP_R,Tasso di occupazione,2,Femmine,Y15-64,15-64 anni,2022,40.526234,,
A,Annuale,ITF32,Benevento,EMP_R,Tasso di occupazione,9,Totale,Y15-64,15-64 anni,2022,51.238192,,
A,Annuale,ITF33,Napoli,EMP_R,Tasso di occupazione,1,Maschi,Y15-64,15-64 anni,2022,53.27897,,
A,Annuale,ITF33,Napoli,EMP_R,Tasso di occupazione,2,Femmine,Y15-64,15-64 anni,2022,27.523461,,
A,Annuale,ITF33,Napoli,EMP_R,Tasso di occupazione,9,Totale,Y15-64,15-64 anni,2022,40.200438,,
A,Annuale,ITF34,Avellino,EMP_R,Tasso di occupazione,1,Maschi,Y15-64,15-64 anni,2022,64.27326,,
A,Annuale,ITF34,Avellino,EMP_R,Tasso di occupazione,2,Femmine,Y15-64,15-64 anni,2022,43.031305,,
A,Annuale,ITF34,Avellino,EMP_R,Tasso di occupazione,9,Totale,Y15-64,15-64 anni,2022,53.660034,,
A,Annuale,ITF35,Salerno,EMP_R,Tasso di occupazione,1,Maschi,Y15-64,15-64 anni,2022,60.616355,,
A,Annuale,ITF35,Salerno,EMP_R,Tasso di occupazione,2,Femmine,Y15-64,15-64 anni,2022,35.168702,,
A,Annuale,ITF35,Salerno,EMP_R,Tasso di occupazione,9,Totale,Y15-64,15-64 anni,2022,47.864115,,
A,Annuale,ITF4,Puglia,EMP_R,Tasso di occupazione,1,Maschi,Y15-64,15-64 anni,2022,63.640389,,
A,Annuale,ITF4,Puglia,EMP_R,Tasso di occupazione,2,Femmine,Y15-64,15-64 anni,2022,35.373483,,
A,Annuale,ITF4,Puglia,EMP_R,Tasso di occupazione,9,Totale,Y15-64,15-64 anni,2022,49.409274,,
A,Annuale,ITF41,Foggia,EMP_R,Tasso di occupazione,1,Maschi,Y15-64,15-64 anni,2022,57.319314,,
A,Annuale,ITF41,Foggia,EMP_R,Tasso di occupazione,2,Femmine,Y15-64,15-64 anni,2022,31.175794,,
A,Annuale,ITF41,Foggia,EMP_R,Tasso di occupazione,9,Totale,Y15-64,15-64 anni,2022,44.340719,,
A,Annuale,ITF42,Bari,EMP_R,Tasso di occupazione,1,Maschi,Y15-64,15-64 anni,2022,67.932738,,
A,Annuale,ITF42,Bari,EMP_R,Tasso di occupazione,2,Femmine,Y15-64,15-64 anni,2022,37.654242,,
A,Annuale,ITF42,Bari,EMP_R,Tasso di occupazione,9,Totale,Y15-64,15-64 anni,2022,52.667569,,
A,Annuale,ITF43,Taranto,EMP_R,Tasso di occupazione,1,Maschi,Y15-64,15-64 anni,2022,60.258915,,
A,Annuale,ITF43,Taranto,EMP_R,Tasso di occupazione,2,Femmine,Y15-64,15-64 anni,2022,29.478681,,
A,Annuale,ITF43,Taranto,EMP_R,Tasso di occupazione,9,Totale,Y15-64,15-64 anni,2022,44.694697,,
A,Annuale,ITF44,Brindisi,EMP_R,Tasso di occupazione,1,Maschi,Y15-64,15-64 anni,2022,68.391594,,
A,Annuale,ITF44,Brindisi,EMP_R,Tasso di occupazione,2,Femmine,Y15-64,15-64 anni,2022,44.61082,,
A,Annuale,ITF44,Brindisi,EMP_R,Tasso di occupazione,9,Totale,Y15-64,15-64 anni,2022,56.38598,,
A,Annuale,ITF45,Lecce,EMP_R,Tasso di occupazione,1,Maschi,Y15-64,15-64 anni,2022,60.135592,,
A,Annuale,ITF45,Lecce,EMP_R,Tasso di occupazione,2,Femmine,Y15-64,15-64 anni,2022,38.334447,,
A,Annuale,ITF45,Lecce,EMP_R,Tasso di occupazione,9,Totale,Y15-64,15-64 anni,2022,49.068974,,
A,Annuale,IT110,Barletta-Andria-Trani,EMP_R,Tasso di occupazione,1,Maschi,Y15-64,15-64 anni,2022,66.851187,,
A,Annuale,IT110,Barletta-Andria-Trani,EMP_R,Tasso di occupazione,2,Femmine,Y15-64,15-64 anni,2022,28.091042,,
A,Annuale,IT110,Barletta-Andria-Trani,EMP_R,Tasso di occupazione,9,Totale,Y15-64,15-64 anni,2022,47.488674,,
A,Annuale,ITF5,Basilicata,EMP_R,Tasso di occupazione,1,Maschi,Y15-64,15-64 anni,2022,66.161026,,
A,Annuale,ITF5,Basilicata,EMP_R,Tasso di occupazione,2,Femmine,Y15-64,15-64 anni,2022,39.891357,,
A,Annuale,ITF5,Basilicata,EMP_R,Tasso di occupazione,9,Totale,Y15-64,15-64 anni,2022,53.106036,,
A,Annuale,ITF51,Potenza,EMP_R,Tasso di occupazione,1,Maschi,Y15-64,15-64 anni,2022,66.688785,,
A,Annuale,ITF51,Potenza,EMP_R,Tasso di occupazione,2,Femmine,Y15-64,15-64 anni,2022,39.446511,,
A,Annuale,ITF51,Potenza,EMP_R,Tasso di occupazione,9,Totale,Y15-64,15-64 anni,2022,53.147733,,
A,Annuale,ITF52,Matera,EMP_R,Tasso di occupazione,1,Maschi,Y15-64,15-64 anni,2022,65.204007,,
A,Annuale,ITF52,Matera,EMP_R,Tasso di occupazione,2,Femmine,Y15-64,15-64 anni,2022,40.702374,,
A,Annuale,ITF52,Matera,EMP_R,Tasso di occupazione,9,Totale,Y15-64,15-64 anni,2022,53.029881,,
A,Annuale,ITF6,Calabria,EMP_R,Tasso di occupazione,1,Maschi,Y15-64,15-64 anni,2022,55.349352,,
A,Annuale,ITF6,Calabria,EMP_R,Tasso di occupazione,2,Femmine,Y15-64,15-64 anni,2022,31.804475,,
A,Annuale,ITF6,Calabria,EMP_R,Tasso di occupazione,9,Totale,Y15-64,15-64 anni,2022,43.467017,,
A,Annuale,ITF61,Cosenza,EMP_R,Tasso di occupazione,1,Maschi,Y15-64,15-64 anni,2022,55.831452,,
A,Annuale,ITF61,Cosenza,EMP_R,Tasso di occupazione,2,Femmine,Y15-64,15-64 anni,2022,33.158683,,
A,Annuale,ITF61,Cosenza,EMP_R,Tasso di occupazione,9,Totale,Y15-64,15-64 anni,2022,44.434985,,
A,Annuale,ITF63,Catanzaro,EMP_R,Tasso di occupazione,1,Maschi,Y15-64,15-64 anni,2022,59.382716,,
A,Annuale,ITF63,Catanzaro,EMP_R,Tasso di occupazione,2,Femmine,Y15-64,15-64 anni,2022,34.886943,,
A,Annuale,ITF63,Catanzaro,EMP_R,Tasso di occupazione,9,Totale,Y15-64,15-64 anni,2022,46.976362,,
A,Annuale,ITF65,Reggio di Calabria,EMP_R,Tasso di occupazione,1,Maschi,Y15-64,15-64 anni,2022,53.836316,,
A,Annuale,ITF65,Reggio di Calabria,EMP_R,Tasso di occupazione,2,Femmine,Y15-64,15-64 anni,2022,29.061288,,
A,Annuale,ITF65,Reggio di Calabria,EMP_R,Tasso di occupazione,9,Totale,Y15-64,15-64 anni,2022,41.253706,,
A,Annuale,ITF62,Crotone,EMP_R,Tasso di occupazione,1,Maschi,Y15-64,15-64 anni,2022,47.298776,,
A,Annuale,ITF62,Crotone,EMP_R,Tasso di occupazione,2,Femmine,Y15-64,15-64 anni,2022,26.575496,,
A,Annuale,ITF62,Crotone,EMP_R,Tasso di occupazione,9,Totale,Y15-64,15-64 anni,2022,36.883142,,
A,Annuale,ITF64,Vibo Valentia,EMP_R,Tasso di occupazione,1,Maschi,Y15-64,15-64 anni,2022,57.923829,,
A,Annuale,ITF64,Vibo Valentia,EMP_R,Tasso di occupazione,2,Femmine,Y15-64,15-64 anni,2022,33.877227,,
A,Annuale,ITF64,Vibo Valentia,EMP_R,Tasso di occupazione,9,Totale,Y15-64,15-64 anni,2022,45.879796,,
A,Annuale,ITG1,Sicilia,EMP_R,Tasso di occupazione,1,Maschi,Y15-64,15-64 anni,2022,54.907699,,
A,Annuale,ITG1,Sicilia,EMP_R,Tasso di occupazione,2,Femmine,Y15-64,15-64 anni,2022,30.487026,,
A,Annuale,ITG1,Sicilia,EMP_R,Tasso di occupazione,9,Totale,Y15-64,15-64 anni,2022,42.576549,,
A,Annuale,ITG11,Trapani,EMP_R,Tasso di occupazione,1,Maschi,Y15-64,15-64 anni,2022,55.181204,,
A,Annuale,ITG11,Trapani,EMP_R,Tasso di occupazione,2,Femmine,Y15-64,15-64 anni,2022,31.556723,,
A,Annuale,ITG11,Trapani,EMP_R,Tasso di occupazione,9,Totale,Y15-64,15-64 anni,2022,43.386245,,
A,Annuale,ITG12,Palermo,EMP_R,Tasso di occupazione,1,Maschi,Y15-64,15-64 anni,2022,52.279153,,
A,Annuale,ITG12,Palermo,EMP_R,Tasso di occupazione,2,Femmine,Y15-64,15-64 anni,2022,30.860038,,
A,Annuale,ITG12,Palermo,EMP_R,Tasso di occupazione,9,Totale,Y15-64,15-64 anni,2022,41.375793,,
A,Annuale,ITG13,Messina,EMP_R,Tasso di occupazione,1,Maschi,Y15-64,15-64 anni,2022,53.842404,,
A,Annuale,ITG13,Messina,EMP_R,Tasso di occupazione,2,Femmine,Y15-64,15-64 anni,2022,33.097011,,
A,Annuale,ITG13,Messina,EMP_R,Tasso di occupazione,9,Totale,Y15-64,15-64 anni,2022,43.309944,,
A,Annuale,ITG14,Agrigento,EMP_R,Tasso di occupazione,1,Maschi,Y15-64,15-64 anni,2022,55.340426,,
A,Annuale,ITG14,Agrigento,EMP_R,Tasso di occupazione,2,Femmine,Y15-64,15-64 anni,2022,28.640259,,
A,Annuale,ITG14,Agrigento,EMP_R,Tasso di occupazione,9,Totale,Y15-64,15-64 anni,2022,41.872532,,
A,Annuale,ITG15,Caltanissetta,EMP_R,Tasso di occupazione,1,Maschi,Y15-64,15-64 anni,2022,51.286194,,
A,Annuale,ITG15,Caltanissetta,EMP_R,Tasso di occupazione,2,Femmine,Y15-64,15-64 anni,2022,20.817424,,
A,Annuale,ITG15,Caltanissetta,EMP_R,Tasso di occupazione,9,Totale,Y15-64,15-64 anni,2022,35.840848,,
A,Annuale,ITG16,Enna,EMP_R,Tasso di occupazione,1,Maschi,Y15-64,15-64 anni,2022,60.070186,,
A,Annuale,ITG16,Enna,EMP_R,Tasso di occupazione,2,Femmine,Y15-64,15-64 anni,2022,31.075385,,
A,Annuale,ITG16,Enna,EMP_R,Tasso di occupazione,9,Totale,Y15-64,15-64 anni,2022,45.410545,,
A,Annuale,ITG17,Catania,EMP_R,Tasso di occupazione,1,Maschi,Y15-64,15-64 anni,2022,53.346169,,
A,Annuale,ITG17,Catania,EMP_R,Tasso di occupazione,2,Femmine,Y15-64,15-64 anni,2022,28.425525,,
A,Annuale,ITG17,Catania,EMP_R,Tasso di occupazione,9,Totale,Y15-64,15-64 anni,2022,40.718142,,
A,Annuale,ITG18,Ragusa,EMP_R,Tasso di occupazione,1,Maschi,Y15-64,15-64 anni,2022,65.762279,,
A,Annuale,ITG18,Ragusa,EMP_R,Tasso di occupazione,2,Femmine,Y15-64,15-64 anni,2022,41.860675,,
A,Annuale,ITG18,Ragusa,EMP_R,Tasso di occupazione,9,Totale,Y15-64,15-64 anni,2022,54.013126,,
A,Annuale,ITG19,Siracusa,EMP_R,Tasso di occupazione,1,Maschi,Y15-64,15-64 anni,2022,59.2368,,
A,Annuale,ITG19,Siracusa,EMP_R,Tasso di occupazione,2,Femmine,Y15-64,15-64 anni,2022,28.826854,,
A,Annuale,ITG19,Siracusa,EMP_R,Tasso di occupazione,9,Totale,Y15-64,15-64 anni,2022,44.058476,,
A,Annuale,ITG2,Sardegna,EMP_R,Tasso di occupazione,1,Maschi,Y15-64,15-64 anni,2022,62.964099,,
A,Annuale,ITG2,Sardegna,EMP_R,Tasso di occupazione,2,Femmine,Y15-64,15-64 anni,2022,46.675006,,
A,Annuale,ITG2,Sardegna,EMP_R,Tasso di occupazione,9,Totale,Y15-64,15-64 anni,2022,54.857913,,
A,Annuale,ITG25,Sassari,EMP_R,Tasso di occupazione,1,Maschi,Y15-64,15-64 anni,2022,62.546169,,
A,Annuale,ITG25,Sassari,EMP_R,Tasso di occupazione,2,Femmine,Y15-64,15-64 anni,2022,46.656968,,
A,Annuale,ITG25,Sassari,EMP_R,Tasso di occupazione,9,Totale,Y15-64,15-64 anni,2022,54.626001,,
A,Annuale,ITG26,Nuoro,EMP_R,Tasso di occupazione,1,Maschi,Y15-64,15-64 anni,2022,62.269681,,
A,Annuale,ITG26,Nuoro,EMP_R,Tasso di occupazione,2,Femmine,Y15-64,15-64 anni,2022,46.628384,,
A,Annuale,ITG26,Nuoro,EMP_R,Tasso di occupazione,9,Totale,Y15-64,15-64 anni,2022,54.584949,,
A,Annuale,ITG27,Cagliari,EMP_R,Tasso di occupazione,1,Maschi,Y15-64,15-64 anni,2022,65.363699,,
A,Annuale,ITG27,Cagliari,EMP_R,Tasso di occupazione,2,Femmine,Y15-64,15-64 anni,2022,51.285703,,
A,Annuale,ITG27,Cagliari,EMP_R,Tasso di occupazione,9,Totale,Y15-64,15-64 anni,2022,58.249994,,
A,Annuale,ITG28,Oristano,EMP_R,Tasso di occupazione,1,Maschi,Y15-64,15-64 anni,2022,59.093522,,
A,Annuale,ITG28,Oristano,EMP_R,Tasso di occupazione,2,Femmine,Y15-64,15-64 anni,2022,43.537445,,
A,Annuale,ITG28,Oristano,EMP_R,Tasso di occupazione,9,Totale,Y15-64,15-64 anni,2022,51.396822,,
A,Annuale,IT111,Sud Sardegna,EMP_R,Tasso di occupazione,1,Maschi,Y15-64,15-64 anni,2022,62.658563,,
A,Annuale,IT111,Sud Sardegna,EMP_R,Tasso di occupazione,2,Femmine,Y15-64,15-64 anni,2022,41.96078,,
A,Annuale,IT111,Sud Sardegna,EMP_R,Tasso di occupazione,9,Totale,Y15-64,15-64 anni,2022,52.483167,,
