prov,fem_empl_rate,population,unempl_rate,part_rate,empl_rate,empl_growth,inact_rate,fem_edu_rate,male_edu_rate,service_empl_rate,GDP,n_large_comp,n_self_empl,young_neet,fem_house_rate,foreign_rate,n_members_family,elderly_in_care,house_price,fertility_rate,first_birth_maternal_age,avg_children_per_woman,dependency_rate,ageing_index,net_migration_rate,adj_net_migration_rate,area_km2,public_transport_supply,internet_coverage_rate,graduate_mobility_rate,green_m2_capita,eco_urban_index,per_capita_public_expenditure,ecec_participation,coverage,urban_type,per_capita_user_contribution,advanced_business_empl,lifelong_learn,startup_ratio,GERD_total_intramural,public_coverage,private_coverage,other_percapita_public_expenditure,other_percapita_user_contrib,other_per_capita_expenditure,fem_maj_empl_rate
torino,58.5,2208370,7.4,0.052419168783285106,65.0,0.6674082313681869,29.8,0.1943836927355782,0.17604029681179909,0.7060773480662983,0.035599713816072485,0.1842374616171955,0.231525076765609,15.9,0.8846278541985086,9.4581523929414,2.06645947816484,1.1,3150,6.1,32.0,1.2,61.5,215.4,4.4,5.4,6826.9297,4713,68.7,5.8,28.0,0.5,1341.3408133018388,18.9,12.759946273910424,1,333.031703,0.22163161719549643,11.2,10.98,2.08,3.3810383956278076,9.378907878282618,234.86985317956555,11.87832893335186,259.89771200963366,5.612704972
vercelli,59.2,166083,5.5,0.05118034674684921,65.8,4.615384615384616,30.4,0.14831987856206444,0.12044413683419972,0.6176470588235294,0.032352137184419844,0.19444444444444445,0.21944444444444444,15.9,0.9508196721311476,8.87989740069724,2.105933834663655,2.2,1300,5.9,31.18,1.2,63.5,246.9,8.2,8.3,2081.6048,384,52.9,-7.9,52.1,0.49,655.9449180327869,14.9,15.737704918032787,3,235.5822951,0.1293788888888889,9.1,1.11,2.08,6.885245901639345,8.852459016393443,357.52032786885246,0.0,363.47901639344263,6.835941176
novara,61.1,361916,6.6,0.05554222688178051,67.4,5.333333333333334,27.8,0.17428394966417046,0.1406845152152689,0.6329113924050633,0.034605599089291436,0.1834319526627219,0.19940828402366867,18.1,0.7997831096651755,10.27420727461621,2.188358495611796,1.2,1500,6.5,31.55,1.3,58.7,195.2,7.6,8.0,1340.2472,2422,33.7,-0.1,14.3,0.55,1312.6989291039718,19.4,13.148976548732547,2,287.8039854,0.1484719526627219,12.2,7.55,2.08,5.015588992815507,8.13338755591704,353.7844652297682,8.946319642130948,362.8258099498441,5.554506329
cuneo,63.3,580155,3.7,0.05606467224839948,70.3,0.7662835249042145,27.0,0.16055951750442382,0.12437489643568815,0.5475285171102662,0.03719599072661616,0.14705882352941177,0.2797794117647059,12.3,0.7226107226107227,10.604235075109237,2.199439083555889,1.5,1750,6.8,30.73,1.3,60.4,190.0,7.7,7.2,6894.8232,2657,42.8,-2.5,32.7,0.64,406.74918414918415,10.9,10.48951048951049,3,176.8363636,0.16891422794117647,7.8,11.6,2.08,2.797202797202797,7.6923076923076925,316.32307692307694,6.184459984459984,361.4775446775447,3.765509506
asti,60.6,208286,7.9,0.054642942522454836,67.9,0.0,26.3,0.14992954753863702,0.1216104886545523,0.6179775280898876,0.028508733184179447,0.08333333333333333,0.25104166666666666,14.2,0.8729139922978177,11.481328557848343,2.143194746528359,1.2,1550,5.9,31.11,1.2,62.9,229.6,8.3,7.8,1510.1731,1454,35.7,-2.6,28.2,0.48,866.7848523748395,13.8,12.32349165596919,3,315.5363286,0.12324666666666667,9.9,5.16,2.08,5.134788189987162,7.188703465982028,168.2849807445443,0.0,175.0023106546855,4.338134831
alessandria,57.1,407264,7.2,0.05222911556773915,66.2,-2.3255813953488373,28.7,0.16229564984188355,0.13350970228760908,0.6011904761904762,0.03224863970299363,0.10497237569060773,0.2198895027624309,15.3,1.0380116959064327,11.197650663942799,2.040619504457249,1.8,1450,5.6,31.21,1.2,64.2,262.9,8.7,8.8,3558.7881,1362,35.4,-11.0,27.3,0.32,658.0701754385965,15.7,12.426900584795321,2,233.2690058,0.12953657458563536,8.6,4.14,2.08,6.7251461988304095,5.701754385964913,192.30877192982456,0.5584795321637427,195.08201754385965,4.922470238
biella,62.1,170027,3.9,0.04957858205255329,66.4,0.0,30.9,0.1522159015742823,0.12353561471680125,0.6231884057971014,0.0305598522587589,0.1527777777777778,0.22777777777777775,11.3,1.1078286558345642,5.679686167491046,2.060879714952697,1.7000000000000002,1450,4.9,31.64,1.1,66.4,290.7,5.2,5.5,913.2699,416,59.0,-15.6,20.5,0.59,1586.6790989660267,23.4,17.355982274741507,2,330.4675037,0.17183986111111113,10.8,8.79,2.08,6.646971935007386,10.709010339734121,327.21011816838995,0.0,370.15805022156576,6.079594203
verbano cusio ossola,62.6,154249,5.9,0.05230125523012552,66.3,3.1746031746031744,29.5,0.15068593970796043,0.11703928735304821,0.6923076923076923,0.027590000583472177,0.014492753623188406,0.21449275362318843,19.5,1.015228426395939,6.2211100234037175,2.068784070772519,2.3,1650,5.0,31.62,1.1,62.5,261.9,7.6,8.3,2260.8919,1492,22.0,1.1,111.6,0.63,1036.4260054666147,15.1,11.714174150722375,2,387.3736822,0.11076057971014493,8.9,2.78,2.08,4.68566966028895,7.028504490433424,496.8149160484186,2.051932838734869,498.8668488871535,3.055323077
aosta,66.0,123360,5.4,0.055706560888231504,69.8,3.7735849056603774,26.2,0.1897052955594824,0.14558303886925794,0.7636363636363637,0.043908722438391695,0.10344827586206896,0.27241379310344827,15.3,0.7659574468085106,6.55804150453956,2.015881392549104,3.3000000000000003,2450,6.3,31.45,1.3,59.0,199.5,4.4,4.2,3260.8426,961,39.7,-7.4,19.4,0.55,3376.6459574468086,29.1,21.27659574468085,2,748.6391489,0.14793448275862067,10.6,9.54,0.58,11.914893617021278,9.361702127659575,51.63404255319149,8.037446808510639,59.67148936170213,4.809981818
imperia,52.3,208670,9.5,0.05028305404580842,62.1,3.8461538461538463,31.4,0.15471173480470957,0.1289746631740923,0.7160493827160493,0.027052139742176642,0.02247191011235955,0.27303370786516856,25.4,0.9867566865749156,12.696123065126756,1.995038131093735,1.4000000000000001,1950,5.9,30.92,1.3,64.6,258.9,9.6,10.9,1155.2624,758,28.0,-19.6,5.7,0.49,701.891716437289,11.2,9.088548428979486,1,120.4396261,0.11047651685393259,6.4,3.61,1.62,4.154764996104908,4.933783432874578,267.880550506362,4.152168267982343,272.03271877434435,3.112901235
savona,56.2,268038,5.1,0.05006279807126484,66.1,4.854368932038835,30.4,0.17578317788280565,0.14713733431516937,0.75,0.03304315059804953,0.05263157894736842,0.2894736842105263,13.2,1.1564786405475571,8.720405315664197,1.949324523192842,0.7,1800,5.2,31.68,1.2,67.0,284.0,8.1,8.4,1546.5952,2651,23.2,-10.8,5.9,0.53,781.273778616946,14.6,12.508850601840924,2,204.5765872,0.13381333333333334,15.2,3.58,1.62,5.428369129100779,7.080481472740146,359.45338683030445,54.240736370073165,413.69412320037765,3.98137963
genova,59.5,817402,6.9,0.05278800193797049,67.4,4.281345565749235,27.6,0.21782703305595347,0.19510183209499254,0.8035190615835777,0.037989055568740965,0.16164383561643836,0.24,12.1,0.9660828468167917,9.134428347373753,1.927334699909425,1.2999999999999998,2950,5.7,32.15,1.2,66.3,268.7,10.0,9.2,1834.1528,4916,71.4,6.0,21.4,0.53,1786.9340422574367,17.1,13.552960800667222,1,242.9445371,0.18505775342465755,11.9,9.31,1.62,4.448151237142063,9.104809563525158,363.4056157909369,0.48095635251598556,363.8865721434529,5.494445748
la spezia,55.1,215117,8.2,0.051622540378162565,64.2,-1.1494252873563218,30.0,0.18351331055854636,0.15868178030432747,0.7674418604651163,0.03623144614326158,0.0851063829787234,0.22872340425531915,16.8,0.9364717792963807,9.730983604271163,2.063696915209342,1.1,1900,5.6,31.48,1.2,63.3,249.6,8.4,8.4,881.6061,2974,36.5,-2.5,13.3,0.68,887.8807896735004,17.9,14.42672741078208,1,239.261959,0.1539398936170213,12.6,3.13,1.62,7.593014426727411,6.83371298405467,383.5125284738041,2.3125790939002786,385.8251075677044,3.204465116
varese,58.7,877668,4.8,0.053567981030952505,67.2,0.8042895442359249,29.5,0.18443906814328642,0.15895452803313292,0.6117021276595744,0.03421650327914428,0.14213197969543148,0.19822335025380708,11.9,0.8343330788526556,8.437586877953851,2.239110360792439,0.6,2200,6.5,32.0,1.3,59.4,187.9,6.5,7.6,1198.2536,3128,37.1,8.8,19.8,0.58,767.8860290107973,13.0,14.887119642272877,1,307.1084088,0.15216192893401015,10.8,4.39,1.29,3.2718944268731596,11.615225215399716,224.43630712182355,14.141291307667139,245.15546951685025,4.132053191
como,59.9,594941,6.6,0.05518730691940854,66.9,2.788844621513944,28.4,0.18480392932280873,0.1565615412117836,0.6317829457364341,0.032760509025264686,0.11231884057971014,0.20471014492753623,13.8,0.805926408336047,7.681770125104842,2.238090208091264,0.9,2750,6.3,31.98,1.2,57.2,183.9,8.4,8.8,1279.0044,2477,38.3,11.2,20.8,0.51,678.8744708563986,13.5,12.780853142298927,1,246.8664116,0.17148264492753626,10.2,6.99,1.29,2.6050146532074243,10.1758384890915,231.06317160534027,2.923152067730381,234.31732334744382,3.68753876
sondrio,59.3,178784,6.6,0.0531628577694194,65.2,2.73972602739726,30.2,0.1504036665832554,0.11401218450826806,0.6266666666666667,0.033499697959548956,0.0875,0.24375,18.7,0.8006405124099278,5.742124574906032,2.200216275340882,0.8,1550,6.7,31.32,1.3,58.7,196.2,6.1,5.5,3195.6853,257,49.3,-17.3,304.3,0.6,373.4841206298372,10.6,12.27648785695223,2,130.7515346,0.13426125000000003,11.1,4.09,1.29,2.4019215372297835,9.874566319722444,288.86175607152387,12.712570056044836,305.7269815852682,3.89048
milano,64.3,3214630,5.5,0.05833909235364259,70.1,2.3415977961432506,25.8,0.26254917376491865,0.24509068905860215,0.7866756393001346,0.06663290954168909,0.36537237428389563,0.23380012730744748,13.1,0.6973085590373741,14.421286431097824,2.056948879332879,0.9,5200,7.0,32.72,1.2,56.1,175.6,7.0,8.1,1575.5412,16541,76.7,35.5,18.9,0.58,1745.8688719758493,24.2,13.790268860637498,1,598.0863132,0.41994941438574157,13.3,14.74,1.29,5.00304718171124,8.787221678926258,292.409484530238,65.20719418342617,358.0967586490355,6.198080754
bergamo,57.8,1102997,3.4,0.05479570730862112,67.6,2.9473684210526314,30.0,0.1662650391258248,0.13581595915810912,0.523517382413088,0.0386641214799315,0.17193675889328064,0.20711462450592885,12.8,0.8229070450919473,10.777998489569782,2.301524681686876,1.9000000000000001,2550,6.8,31.32,1.3,55.1,159.9,6.7,6.8,2754.9396,3157,42.9,-0.1,25.8,0.52,591.9893357964564,17.4,16.080275421949786,1,162.9232093,0.16499061264822132,8.2,8.32,1.29,3.6107145856075236,12.469560836342263,231.4233352926358,6.479931144512554,237.91094970190613,4.576511247
brescia,54.2,1253157,4.1,0.05388614477538061,65.9,0.0,31.2,0.1660239500539269,0.13085931691611039,0.540590405904059,0.04053159340768954,0.14513274336283186,0.22849557522123892,11.6,0.8460421205519245,12.197593757206798,2.274962092459813,1.8,2500,6.9,31.22,1.3,55.7,164.1,6.7,6.7,4785.4828,6684,37.2,0.7,23.8,0.59,574.8664488017429,15.7,12.091503267973856,1,136.8851489,0.17541049557522126,7.0,6.67,1.29,2.1423384168482205,9.949164851125635,333.03554829339146,11.345279593318809,344.96503267973856,4.286787823
pavia,59.3,534506,6.1,0.05496795013874975,66.8,3.5555555555555554,28.9,0.1901980326732244,0.16283142832253597,0.6824034334763949,0.029440586260958718,0.10483870967741936,0.2028225806451613,19.3,0.8678237650200267,11.698278410345253,2.140286145185615,0.5,2300,6.3,31.5,1.2,58.5,208.3,10.9,11.5,2968.5305,3155,23.9,4.8,24.9,0.48,853.2556742323097,15.4,13.35113484646195,2,255.1048064,0.12309745967741936,9.7,6.43,1.29,3.9099752050352854,9.441159641426665,143.72382223917603,0.869826435246996,144.59364867442304,7.658944206
cremona,55.8,351654,5.4,0.05200401173804836,65.3,2.097902097902098,31.0,0.16980501243747828,0.13722107762684638,0.6095890410958904,0.037532148077371506,0.16233766233766234,0.2077922077922078,16.2,0.8887065901011758,11.844881616589035,2.256618695708544,2.2,1950,6.3,30.84,1.2,59.3,199.3,8.1,7.7,1770.3465,1359,57.7,-6.1,32.9,0.62,649.1804757998359,15.4,11.484823625922887,2,263.866694,0.1538540909090909,6.4,6.3,1.29,3.4181022696199066,8.066721356302981,200.05058791359036,1.80872299699207,202.63727098714793,3.388267123
mantova,60.2,404476,4.4,0.0563754427390791,69.5,4.597701149425287,27.3,0.15992416508677265,0.12663869793157198,0.5384615384615384,0.03655010433251911,0.18324607329842932,0.21727748691099477,14.9,0.8216241962371994,13.144908474173993,2.317465875302788,2.8,2100,6.4,30.88,1.3,58.8,188.9,10.3,10.1,2341.3559,4217,80.1,-4.6,40.9,0.67,990.9595141700405,17.8,11.788521076446772,3,221.6069302,0.15425057591623034,7.3,4.18,1.29,4.405810907358895,7.382710169087878,346.6652774470112,8.119552274351037,355.8598475827578,3.407763736
lecco,59.6,332457,2.9,0.05295605720685423,67.1,2.142857142857143,30.9,0.1849814497716895,0.1543425312620667,0.5804195804195804,0.03649915628186502,0.07432432432432433,0.2216216216216216,10.5,0.8962479112866474,7.817552345115308,2.253221166300806,1.4,2250,6.3,32.01,1.3,59.6,192.2,6.0,6.2,805.5242,2099,33.1,-2.8,15.9,0.53,420.50250645602307,17.8,18.83639677958378,1,192.2315054,0.1537227027027027,9.6,4.45,1.29,3.645754215403312,15.190642564180465,251.48625246847942,5.327206440832447,257.5178490050129,4.056307692
lodi,60.3,227327,5.2,0.055586436909394105,67.7,-0.9803921568627451,28.6,0.16653832765477158,0.13291118546532538,0.6831683168316832,0.030595177871524278,0.10377358490566038,0.16886792452830188,13.8,0.7565200079633685,12.508412990977755,2.292319978972695,0.8999999999999999,2100,7.0,31.01,1.3,55.4,164.2,7.5,7.6,783.026,1050,30.2,-2.6,57.1,0.59,538.8911009356958,9.1,13.736810670913798,2,190.1033247,0.13034896226415094,7.8,5.73,1.29,1.7917579135974517,11.945052757316345,96.27334262392992,4.296436392594067,100.569779016524,2.853247525
monza e della brianza,63.5,870407,4.3,0.05654843194766799,69.7,3.1413612565445024,27.2,0.19894009991483913,0.1726466900159986,0.700507614213198,0.035932914142464384,0.1262135922330097,0.19927184466019415,16.2,0.7367751510654086,8.992344960461025,2.26209468855186,0.8,3350,6.9,32.15,1.3,57.2,172.5,7.1,7.3,405.4018,1362,46.8,21.1,74.7,0.45,674.7932789144493,13.6,14.046432736139087,1,265.3437931,0.1680428640776699,11.0,6.17,1.29,2.332237888264603,11.714194847874483,177.27902046008694,5.234601929396798,182.51362238948371,5.574781726
bolzano,69.0,532616,2.3,0.061752201500417804,74.1,5.2,24.2,0.17300044086595354,0.13835473693351216,0.7186311787072244,0.056046701563603044,0.11524163568773234,0.2550185873605948,9.9,0.45935944876866147,9.686716133199152,2.265191262452206,4.5,3050,9.2,30.57,1.6,55.2,129.0,3.2,3.4,7397.8415,3923,22.2,-6.1,227.5,0.79,1829.12351665178,21.6,23.47837182595381,2,446.9837948,0.14380386617100374,8.1,10.13,0.83,5.550593339287993,17.92777848666582,692.6291310450428,57.94155927012888,750.5706903151716,3.001745247
trento,63.5,540958,3.8,0.056237218813905934,69.5,2.5316455696202533,27.7,0.21728488875536783,0.18026747929334924,0.7160493827160493,0.043954410508764086,0.11462450592885376,0.24150197628458497,11.1,0.6853135708024544,8.465906780193656,2.219536994556524,2.1,3050,7.4,31.47,1.4,57.8,166.9,7.3,6.4,6206.8635,4411,66.7,5.6,402.2,0.76,3072.0831938799906,33.3,16.89377639652562,2,828.9897203,0.17177197628458496,14.8,14.34,1.48,8.048450075703244,8.845326320822377,315.9925093632959,13.123117379870907,329.1156267431668,5.803979424
verona,61.3,924024,3.2,0.05555181469261329,68.3,2.9702970297029703,29.5,0.1903925572018535,0.16375909742701766,0.6346153846153846,0.038947852003844055,0.1655011655011655,0.23776223776223776,13.7,0.7470239529615885,12.015921664372355,2.275533253415497,2.8,3150,7.0,31.63,1.3,56.3,169.7,6.3,5.5,3096.279,3354,56.7,8.4,27.7,0.46,919.4579497807123,15.9,14.07296737192154,2,298.1055955,0.18489738927738927,11.5,8.58,1.27,3.277266374283098,10.795700997638441,201.31264157308786,8.652031423201118,223.48556556942503,4.416127404
vicenza,61.3,852139,3.5,0.055521300370235,68.6,2.666666666666667,29.0,0.17063854847303625,0.14337274822226162,0.5558441558441558,0.04005926263203538,0.17587939698492464,0.22663316582914575,9.1,0.7727891156462585,9.329229151582078,2.2983963204751,7.6,2150,7.0,31.5,1.3,55.7,176.3,4.7,4.6,2722.4813,3289,45.8,-8.7,25.9,0.58,582.6123537414966,15.3,12.843537414965985,2,203.3364898,0.16310844221105528,10.6,6.32,1.27,2.6122448979591835,10.231292517006803,169.26068027210886,2.9459591836734695,174.26731972789116,3.246509091
belluno,64.3,198676,2.9,0.05309828492539691,70.1,1.1627906976744187,27.8,0.17054469144912832,0.1381073537040239,0.5402298850574713,0.037334353419638,0.24444444444444444,0.2111111111111111,11.0,0.9210159084566006,6.046024683404135,2.092296565733916,7.1,1250,5.7,31.35,1.2,62.9,248.8,5.7,5.7,3609.9988,1959,33.9,-13.5,25.1,0.74,686.7954228300307,12.1,12.280212112754674,3,259.3940832,0.14900155555555558,8.2,6.63,1.27,3.3491487580240022,8.931063354730673,219.61512698855708,0.0,233.53977114150155,3.905494253
treviso,55.0,877890,5.2,0.05422905046155854,66.1,-3.324808184143223,30.3,0.17732292020373513,0.15096082253911777,0.5634920634920635,0.03823955165225712,0.15538847117794485,0.23734335839599,15.0,0.8692386113644901,10.23807082891934,2.351763301877389,12.9,2100,6.8,31.42,1.3,56.8,175.3,4.9,4.8,2479.7945,2998,42.3,-6.1,24.0,0.72,325.26790792509524,8.2,13.84342973654558,2,138.4978269,0.1911385463659148,9.9,6.91,1.27,1.2341042013199548,12.609325535225627,177.57638031872082,7.185276600311209,271.5256210763535,3.693248677
venezia,61.8,836916,4.3,0.054944126050278104,68.9,7.183908045977011,28.0,0.1768945810094333,0.15131582854733241,0.7319034852546917,0.03572554473806212,0.1282051282051282,0.21179487179487178,13.8,0.8780181875195987,10.35551955034914,2.187705569384436,2.5,4250,6.0,31.8,1.2,59.4,215.3,5.7,5.4,2478.4322,10642,54.8,-5.5,44.9,0.65,1256.5091251175918,13.9,10.787080589526498,1,180.0343054,0.1719706923076923,12.7,6.31,1.27,3.2612104107870805,7.525870178739417,210.53082470994042,2.823769206647852,282.16826591407965,2.752163539
padova,59.8,929198,4.6,0.055128409634710475,67.7,7.552083333333333,29.0,0.21520133620429438,0.18474802833845744,0.6634382566585957,0.03912303943831132,0.125,0.25069444444444444,12.4,0.842082822576347,10.20277701846108,2.281476062548039,1.1,2450,6.4,32.1,1.2,56.3,187.5,5.7,5.8,2144.1658,4669,54.7,9.6,39.2,0.6,761.2607258967116,16.2,14.443319298619624,2,282.7036721,0.1908201851851852,10.5,10.7,1.27,3.9972285881788627,10.446090710440762,203.99984011085647,2.9083302243777647,207.40569205350957,5.062234867
rovigo,54.4,228902,8.2,0.05153087515752631,64.1,0.0,30.2,0.1551497005988024,0.12181635565893112,0.5913978494623656,0.02930420005067671,0.16831683168316833,0.23465346534653464,23.4,1.1592602815346398,8.400538221597015,2.211739857432016,0.7999999999999999,1250,5.1,31.56,1.1,61.1,256.8,5.4,5.7,1824.0777,1516,43.5,-27.9,38.0,0.41,949.75075903947,17.4,18.216947281258626,3,329.3786917,0.13860881188118812,4.6,6.79,1.27,5.520287054926856,12.696660226331769,149.68534363786918,1.727849848192106,188.35688655810102,3.73583871
udine,63.3,518442,6.3,0.05495685999570296,69.0,3.6363636363636362,26.4,0.18394805217721194,0.15042123638571592,0.6535087719298246,0.03580234626052673,0.1440329218106996,0.21604938271604937,11.7,0.8961347441157418,7.801258385701776,2.104692047301142,2.4,1300,5.7,31.83,1.2,62.2,243.5,5.8,5.5,4970.2672,3095,50.9,-4.2,22.1,0.64,1482.3444180522565,35.0,17.274886633556466,2,204.9988124,0.16642699588477364,11.4,9.45,1.66,3.347009285251566,13.927877348304902,1158.9879075793565,56.54221550421075,1215.5301230835673,5.713219298
gorizia,57.7,137899,5.9,0.05229632296837359,65.8,3.571428571428571,30.0,0.1822720755671755,0.1489017178259645,0.6379310344827587,0.031846786416145155,0.08196721311475409,0.17704918032786887,17.3,0.9191880505553428,11.761506609910152,2.055583908736115,1.7,1000,6.7,30.85,1.5,62.1,233.9,9.0,8.4,475.1008,1047,42.7,-9.6,140.3,0.6,2538.058981233244,41.7,11.872845653006511,1,421.4684029,0.12685180327868853,11.6,6.89,1.66,5.361930294906166,6.510915358100345,1075.6733052470317,23.41325162772884,1099.0865568747606,2.565448276
trieste,66.5,228833,6.3,0.0544998354721948,69.8,1.0204081632653061,25.5,0.24762716346860217,0.2228641022601123,0.8282828282828283,0.03912298488417317,0.2169811320754717,0.18584905660377357,13.5,0.847457627118644,10.143641869835207,1.879608703266644,0.6,2050,6.0,32.14,1.2,65.1,267.5,9.0,8.7,212.5791,6336,81.0,23.8,62.8,0.65,4772.02421307506,29.5,15.738498789346249,1,425.2343826,0.19292462264150942,16.2,12.98,1.66,6.295399515738499,9.443099273607748,646.8762711864407,2.842130750605327,649.718401937046,5.911525253
pordenone,58.0,309473,3.1,0.053928290781343896,68.0,0.0,29.9,0.17614748790614407,0.14281940653341552,0.5661764705882353,0.03496201607248451,0.15714285714285714,0.2057142857142857,14.8,0.8352668213457077,10.752149622099505,2.255886038382906,2.1,1300,6.5,31.25,1.3,59.7,191.8,7.7,7.1,2275.3488,1720,33.1,-5.7,44.2,0.72,1461.5156999226606,31.5,14.23047177107502,2,76.67068832,0.14870007142857142,11.5,10.55,1.66,2.010827532869296,12.219644238205722,1090.9780355761795,23.553286929621038,1114.5313225058005,5.04075
piacenza,59.8,283435,6.5,0.05638899993687798,68.8,0.8064516129032258,26.4,0.19055640885894068,0.15143005720228808,0.632,0.03759602730784836,0.19402985074626866,0.22611940298507463,15.3,0.7782101167315175,14.86196129624076,2.15242247766564,2.0999999999999996,1950,6.9,31.29,1.3,59.9,202.1,10.0,9.0,2585.765,2185,49.7,-2.8,28.1,0.56,1686.2960581965826,23.2,10.996447301641009,2,534.4977161,0.15453044776119404,9.1,6.46,2.16,5.582811706986973,5.4136355946540355,605.5249534765691,127.44662493655896,748.9375740145491,3.285616
parma,63.2,448916,5.4,0.058688107388565953,71.1,2.4630541871921183,24.9,0.22362142238093746,0.1863954964402009,0.5913461538461539,0.0428486621105062,0.19090909090909092,0.22045454545454546,10.9,0.6778661951075744,14.878061820028691,2.154971421967767,2.5,2550,7.2,31.41,1.3,57.1,178.2,10.6,11.0,3447.4005,4015,52.1,23.3,88.4,0.65,2017.9217997838687,28.3,13.066116514392377,2,510.7407407,0.1876763636363636,15.3,7.16,2.16,6.778661951075744,6.287454563316633,238.38677669712152,6.58492975734355,244.97170645446508,6.347302885
reggio nellemilia,61.9,525586,4.4,0.056202493471600605,67.5,-1.6736401673640167,29.4,0.1828744839653334,0.14083745291343663,0.5829787234042553,0.042011716446024056,0.17479674796747968,0.22479674796747967,11.6,0.7325691631474619,12.37266593859045,2.260077362440449,2.0,2100,6.9,31.45,1.3,55.8,163.8,7.8,7.0,2291.142,2070,54.9,18.4,58.1,0.73,2335.6887873825735,30.9,12.152029647504955,2,433.6258726,0.1842568699186992,9.9,7.44,2.16,6.5500301646126005,5.601999482892356,558.356890459364,19.106265620960098,584.651728001379,4.699574468
modena,65.9,701751,5.1,0.0585948176898267,71.0,4.487179487179487,25.2,0.19478250899538344,0.15637806152265926,0.549079754601227,0.04505467038878463,0.22448979591836735,0.21895043731778424,12.1,0.6816096473980862,13.28662160794926,2.247328592737373,2.0,2600,7.3,31.49,1.4,57.7,176.6,8.5,7.9,2687.9103,2268,51.8,22.5,56.8,0.54,2227.0578057412504,32.9,12.19032638615808,2,414.2251278,0.18739495626822159,13.4,7.31,2.16,7.078254030672434,5.112072355485647,597.3834054266614,23.532704155197273,621.5715034735877,4.259346626
bologna,66.5,1010812,3.6,0.05730557668158263,71.6,1.0775862068965518,25.7,0.26697495515150965,0.22568486468195256,0.6993603411513859,0.04670354131134177,0.20987654320987653,0.2323045267489712,13.1,0.7320298479267026,11.94762230761012,2.02464820616839,1.8,3550,6.7,32.35,1.2,58.4,199.8,9.6,9.0,3702.223,3940,61.7,46.1,22.4,0.62,3434.2684424293943,38.2,14.310002833663928,2,559.3177482,0.23406236625514404,16.2,10.92,2.16,8.21762538962879,6.0923774440351375,439.51912723151037,26.468357419476717,470.23306885803345,6.167929638
ferrara,60.3,339573,8.3,0.05388414907947912,67.0,-2.7210884353741496,26.9,0.18666958534821862,0.15172468377199924,0.6223776223776224,0.028861040188707585,0.10897435897435898,0.2153846153846154,17.7,0.9944173063503141,10.104454712241552,2.071951978602375,1.3,2100,5.4,31.21,1.2,64.4,269.1,10.0,9.2,2627.6089,1267,46.3,4.9,64.0,0.64,2656.8489183531055,30.8,14.305652477320306,2,310.2679693,0.12227301282051282,13.2,7.22,2.16,8.199581297976273,6.106071179344034,357.06367759944175,4.340544312630844,363.5314026517795,4.898748252
ravenna,63.1,385631,5.5,0.05636908744022399,70.2,0.0,25.8,0.1963733896566001,0.1503608300374955,0.6453488372093024,0.035845977112835846,0.15384615384615385,0.2247252747252747,8.8,0.7974481658692184,11.8250348130726,2.118466358875566,3.2,2100,6.0,31.09,1.2,60.9,212.7,9.8,9.3,1859.3221,1418,54.4,13.6,48.9,0.53,2303.70879851143,34.1,16.48059542796385,2,385.9134769,0.1497696153846154,9.0,7.86,2.16,7.442849548112706,9.037745879851142,1112.839447102605,0.0,1112.839447102605,5.840122093
forli cesena,63.1,391293,4.1,0.05608439482194729,70.3,2.312138728323699,26.7,0.19530434056063833,0.15297811232320144,0.632768361581921,0.03716084877572561,0.15760869565217392,0.2467391304347826,7.6,0.8279430789133247,11.513622783949623,2.228088580092983,1.0,2100,6.7,31.12,1.3,59.7,198.2,7.9,6.7,2378.4049,3253,42.4,4.4,25.4,0.65,1629.8221216041397,31.5,14.489003880983182,2,430.210608,0.1599199456521739,8.9,7.19,2.16,5.433376455368694,9.055627425614489,408.55575679172057,118.47723156532989,544.6377749029754,5.762728814
rimini,57.9,338369,6.7,0.054480589093337556,65.2,0.0,30.1,0.20984797285765971,0.16549889662448825,0.7448275862068966,0.033935348687379754,0.12258064516129032,0.2832258064516129,14.0,0.8887526815813668,10.906731999680822,2.218103846407601,1.7,2900,6.1,31.83,1.2,56.9,187.8,7.5,7.1,922.0369,4244,38.7,6.2,21.4,0.67,1981.9790070487281,27.2,10.26662580447441,1,373.7261722,0.18626154838709677,8.1,9.74,2.16,6.28256205945449,3.9840637450199203,225.22448666870977,0.44437634079068344,225.66886300950046,4.708082759
massa carrara,51.1,188483,8.9,0.04905979084382841,60.7,0.0,33.3,0.1753574432296047,0.14467150248290564,0.6944444444444444,0.029322962813622448,0.05063291139240506,0.25316455696202533,19.9,1.2137559002022926,7.301454242557684,2.126175673521441,1.5,1300,5.2,31.26,1.1,63.0,265.3,5.1,5.4,1154.6496,1310,52.5,-6.8,17.7,0.38,1545.2208361429534,21.1,10.78894133513149,2,237.2262306,0.12894481012658227,11.0,3.64,1.58,6.068779501011463,4.720161834120027,122.88435603506406,15.510788941335132,138.3951449763992,5.918486111
lucca,57.3,382464,6.8,0.05449893311410598,67.2,8.552631578947368,27.9,0.17837066918091873,0.14811887858216302,0.6606060606060606,0.033084290286144576,0.0847457627118644,0.24858757062146894,17.4,0.9799619716249817,8.086774180053547,2.213488767116913,1.2000000000000002,2000,5.4,32.31,1.1,60.7,229.9,7.2,7.3,1774.1985,870,36.8,2.2,17.7,0.61,1396.5713032031592,26.0,9.653356735410268,2,387.1823899,0.15054,12.4,5.88,1.58,5.850519233581981,3.802837501828287,291.3734093900834,0.47608600263273365,291.8845985081176,3.749436364
pistoia,59.2,289414,6.2,0.0545795527759653,66.8,4.201680672268908,28.9,0.1591187657659795,0.12579826711312092,0.6693548387096774,0.028712536366589037,0.022556390977443608,0.25413533834586466,12.1,0.8823529411764706,10.250713510749307,2.261542920707538,1.2000000000000002,1800,5.9,32.09,1.2,61.0,215.2,7.9,7.9,964.2377,761,37.1,-8.0,21.4,0.41,1259.4422794117647,22.0,11.580882352941178,1,370.5356618,0.12485045112781952,8.6,2.87,1.58,5.698529411764706,5.88235294117647,315.07481617647056,5.478125,320.5529411764706,2.806024194
firenze,69.1,987260,6.1,0.05899576895374804,71.9,6.744186046511628,23.5,0.230690012676671,0.19289794689533937,0.7145969498910676,0.04371356076413508,0.1554192229038855,0.23803680981595093,12.2,0.7085229623500207,12.663533415716225,2.132995012116536,1.5,4450,6.3,32.63,1.2,61.0,214.6,7.8,7.7,3513.4858,6968,63.7,17.3,26.7,0.56,2379.5577678940836,34.0,15.101365328920147,1,629.0970728,0.21035300613496938,12.7,7.37,1.58,6.930078609846918,8.171286719073231,554.9419735208937,78.74317335539925,633.685146876293,5.498836601
livorno,56.7,327262,5.0,0.05111241491762622,66.0,0.7462686567164178,30.5,0.17762064674022623,0.14930744983936473,0.8,0.03115864353331582,0.09859154929577464,0.23169014084507042,13.2,1.0457284650833039,8.148517090282404,2.083273980249861,0.8,1700,5.6,32.08,1.2,63.9,245.6,8.1,7.3,1215.0489,1624,37.3,6.7,12.8,0.57,1848.6281460475009,31.1,13.293158454448777,2,644.5257001,0.15095253521126759,8.7,3.67,1.58,6.3807160581354125,6.912442396313365,602.2715349166962,4.182027649769585,610.8846153846154,3.148762963
pisa,62.6,417041,6.7,0.05529160622116073,67.8,0.5555555555555556,27.3,0.22101249617322088,0.18645393118926534,0.7679558011049724,0.03560918470845792,0.12371134020618557,0.2329896907216495,12.8,0.7910823444804028,10.013164173306702,2.199140598507969,1.6,2700,6.2,32.28,1.2,59.7,200.5,7.7,6.8,2445.0736,2875,40.4,12.2,23.2,0.52,1293.4018938031884,25.4,13.424427663909864,2,422.3716888,0.17160520618556702,12.3,10.85,1.58,6.232769986815295,7.19165767709457,233.07982740021575,29.744696152463142,272.5440489032722,3.920618785
arezzo,62.8,334926,5.3,0.05556833666625374,69.6,2.7586206896551726,26.5,0.1877091024957227,0.14194566764768796,0.5704697986577181,0.034214333912565766,0.07643312101910828,0.24203821656050956,12.9,0.8368837492391966,10.558451717692865,2.244156370265344,0.8999999999999999,2100,6.0,31.86,1.2,61.2,220.5,5.2,4.9,3232.997,1424,37.5,-11.0,30.0,0.6,1407.7627814972611,25.4,11.716372489348752,2,509.7528911,0.1375387898089172,6.7,4.27,1.58,7.151552038953135,4.564820450395618,205.2463481436397,45.786975045648205,251.0333231892879,3.595825503
siena,61.3,261209,4.5,0.0548747027620267,69.0,1.7857142857142856,27.7,0.22452948060289835,0.1804847243883536,0.631578947368421,0.03470029746295113,0.10833333333333334,0.24916666666666665,15.9,0.850811238622873,10.838064538358173,2.150785715476012,1.0,2700,6.0,31.63,1.2,62.7,221.7,7.0,5.5,3820.8183,3002,38.4,-5.1,28.7,0.65,1607.8535813217254,26.1,14.641867827463395,3,565.8840522,0.18578316666666667,9.2,4.61,1.58,8.112386228729719,6.5294815987336765,119.09576573011476,8.239018599129402,127.64008705975465,3.372614035
grosseto,58.2,217009,6.1,0.056264877732092614,69.2,5.376344086021505,26.3,0.17392211259673349,0.1409329235219671,0.7346938775510204,0.028338179522508285,0.019230769230769232,0.28365384615384615,13.0,1.0323660714285714,10.054882516393329,2.062203383343539,3.1,1350,5.4,31.83,1.2,64.7,265.6,7.3,7.4,4503.5097,1114,54.5,-5.8,34.4,0.46,1127.7488839285713,23.9,14.229910714285714,3,345.3356585,0.1188271153846154,15.3,2.09,1.58,7.254464285714286,6.975446428571429,471.31166294642856,3.0658482142857144,474.3775111607143,2.615295918
prato,62.7,258123,6.3,0.05920690500529624,68.3,10.091743119266056,27.1,0.15016035569809397,0.12092026265506639,0.5833333333333334,0.03470082092645754,0.03125,0.24921875,14.0,0.8025053826580544,20.61381589397303,2.375181863386066,2.4000000000000004,1450,5.7,32.08,1.1,55.5,171.8,9.4,9.6,365.7562,1282,86.6,-6.4,28.0,0.47,1566.9565472695244,32.1,15.658641612840086,1,208.346056,0.1468175,9.5,2.63,1.58,4.306126443531024,11.352515169309061,873.1559992170679,4.842239185750636,877.9982384028185,3.428291667
perugia,60.1,640482,7.3,0.054037434898866143,66.2,-0.7380073800738007,28.7,0.21852025202520253,0.17096983139340885,0.6728624535315985,0.029681396198488016,0.0896551724137931,0.24896551724137933,14.3,0.8628336424481896,10.663063130579783,2.236916142889839,0.8999999999999999,1900,5.9,31.49,1.1,61.7,211.8,5.2,5.1,6336.9761,2310,50.7,-10.3,64.4,0.63,1275.5739053302152,20.3,16.61156358358197,2,309.1236191,0.14457003448275862,12.4,8.21,0.98,5.725344730263688,10.88621885331828,126.8598500120958,17.840254818159824,144.73792436093862,4.16935316
terni,52.0,218330,6.7,0.04810238782415064,61.0,-1.1904761904761905,34.6,0.20304663212435234,0.16272439041080267,0.7228915662650602,0.026049099986259334,0.07865168539325842,0.2550561797752809,14.7,1.1336672818349591,9.78701964915495,2.113402162744043,0.3,1300,5.2,31.51,1.1,65.3,258.9,4.9,4.7,2127.2265,1159,51.8,-18.5,156.9,0.62,810.5293962562615,15.1,15.291326127076193,2,193.9944635,0.14208011235955056,9.0,12.5,0.98,5.009227524387028,10.282098602689164,240.28315317690482,0.0,240.28315317690482,4.894385542
pesaro e urbino,62.4,349818,5.0,0.056458168238539164,69.6,3.2679738562091507,26.8,0.2092774189229894,0.1641355720510382,0.6012658227848101,0.031799221309366583,0.10843373493975904,0.2433734939759036,14.1,0.8346996571769264,7.978148637291392,2.274091182705645,0.5,1950,6.1,31.56,1.2,59.0,201.1,6.4,5.8,2511.1961,623,39.4,-9.8,21.2,0.57,1243.6428677895365,23.9,11.179013265762409,2,410.8935758,0.15792734939759037,11.7,4.61,1.0,7.154568490087942,4.024444775674467,211.6525562677001,19.91026978685348,231.5628260545536,3.626677215
ancona,61.5,461687,7.9,0.05473905993410656,67.1,2.083333333333333,27.2,0.2188388572116325,0.17722556569382428,0.6632653061224489,0.03320089151308137,0.12264150943396226,0.22264150943396227,12.6,0.8295454545454545,8.876576555112013,2.217745909956225,0.6,1750,5.7,31.69,1.1,61.2,210.8,7.5,7.1,1963.8215,3726,60.0,-3.6,53.6,0.61,1115.2892045454546,26.1,15.113636363636363,2,309.6934091,0.16660283018867925,12.2,8.93,1.0,6.136363636363636,8.977272727272728,314.1627272727273,21.43465909090909,335.59738636363636,5.422142857
macerata,56.0,304986,6.2,0.05327900963723262,65.3,4.918032786885246,30.4,0.20504599412191304,0.1624856815578465,0.59375,0.030603503111618236,0.1323529411764706,0.28308823529411764,12.9,0.9067357512953367,9.21943958083322,2.308651026392962,0.9,950,6.1,31.96,1.2,62.0,212.1,4.2,4.0,2779.4529,2088,38.0,-15.2,21.0,0.62,746.7535621761658,18.3,12.953367875647668,2,274.8196244,0.1521033088235294,6.6,8.37,1.0,4.533678756476683,8.419689119170984,299.0775582901554,10.655278497409327,309.7328367875648,3.217171875
ascoli piceno,57.4,202365,7.0,0.053718863495696656,65.1,8.860759493670885,30.1,0.21004312301407171,0.1740549027304173,0.6744186046511628,0.02907859560694784,0.07608695652173914,0.25217391304347825,11.9,0.9418729817007535,6.577224322387765,2.291716165585306,0.4,950,5.9,32.29,1.1,60.7,230.1,3.6,3.3,1228.4546,2570,53.1,-17.3,10.0,0.49,596.4133476856836,18.7,12.378902045209902,2,179.7330463,0.14726423913043477,9.9,11.63,1.0,6.458557588805167,5.920344456404736,211.88993541442412,44.294133476856835,256.18406889128096,4.081709302
fermo,58.8,168294,4.4,0.052155649373075,65.4,1.4285714285714286,31.6,0.19026755945000137,0.14116666179094872,0.5492957746478874,0.02735284680380762,0.02702702702702703,0.28378378378378377,14.4,0.9514747859181731,9.804865295257109,2.310418133377507,0.7,950,5.8,31.88,1.1,60.9,223.0,4.5,4.5,863.0943,902,30.3,-22.0,26.2,0.56,645.1148112908342,20.3,14.272121788772598,2,214.5569299,0.11477283783783784,7.9,6.56,1.0,6.026006977481764,8.246114811290834,254.8046305106248,26.63590231525531,281.72597526165555,2.91856338
viterbo,47.7,308737,7.5,0.047116579336340184,58.4,3.6036036036036037,36.9,0.1852347479607563,0.15719767395862178,0.7304347826086957,0.024288536845276078,0.008064516129032258,0.26693548387096777,22.0,1.1768966141589716,9.674901291390407,2.13045898627773,2.6,1050,5.7,32.03,1.1,58.3,217.8,5.9,6.2,3615.9772,787,34.0,-17.8,14.2,0.5,654.7628100669925,14.1,9.053050878145934,3,163.6346189,0.1090293548387097,8.8,4.14,2.0,4.707586456635886,4.345464421510049,463.9773673728046,30.577946768060837,495.64385297845376,3.826530435
rieti,50.3,151143,10.1,0.048038927027320204,58.4,0.0,35.0,0.18774651590849328,0.15010908401049736,0.7678571428571429,0.024287198216258774,0.08064516129032258,0.2306451612903226,19.7,1.081282624906786,8.746021979185274,2.088261118002035,0.8,1050,5.6,31.96,1.1,59.9,245.7,5.6,4.8,2750.2466,2141,49.1,-28.6,347.3,0.53,910.8501118568232,15.4,6.7114093959731544,3,138.3512304,0.1121966129032258,10.0,5.28,2.0,4.1014168530947055,2.609992542878449,155.5730797912006,2.3109619686800893,157.8840417598807,2.942553571
roma,57.1,4216874,7.5,0.053948432077794206,63.6,2.6102088167053363,31.2,0.26263254725965757,0.24123525884469318,0.8671565856416055,0.04508914423338236,0.2136125654450262,0.22429319371727746,16.3,0.8638287566171129,11.832414248089936,2.100370448697967,0.7,1050,6.3,32.7,1.2,55.0,172.0,5.7,6.9,5367.5181,7657,76.9,20.1,17.0,0.44,2641.0212900919187,25.1,12.767135294728224,1,400.4715306,0.2678068062827225,12.2,7.2,2.0,3.644457771575536,9.122677523152687,524.6643408260002,99.34848397476559,624.0128248007658,6.512560204
latina,43.6,567439,9.6,0.04857234977116561,55.5,1.9417475728155338,38.6,0.1794460801268802,0.1509961811238407,0.6238095238095238,0.025640976386889166,0.11206896551724138,0.22931034482758622,20.6,0.9795118765815035,9.290514046443759,2.313298201219388,0.7,1100,6.7,31.29,1.2,54.8,168.2,4.0,3.4,2258.634,920,42.8,-16.6,16.1,0.34,519.6854134356379,8.8,9.468614806954534,2,78.17361848,0.11473137931034483,8.3,3.12,2.0,2.6120316708840092,6.856583136070525,147.65259978777243,2.3486246020733,150.53016080319975,4.065004762
frosinone,44.2,470689,9.0,0.04719823257682265,56.2,2.380952380952381,38.2,0.1798573734526719,0.14008567448950093,0.6686046511627907,0.025096040060422063,0.09042553191489362,0.21861702127659574,14.8,1.0907924286172603,4.966549037687305,2.294158180466893,1.1,1100,6.3,31.51,1.2,58.1,201.3,-0.2,0.6,3246.9628,1413,40.8,-29.2,32.3,0.48,494.16811036252807,10.2,7.592770826649557,3,100.6889103,0.11997696808510637,8.1,2.77,2.0,4.705379103839161,2.8873917228103942,95.35910597797027,1.559726232488504,96.91883221045877,4.246
laquila,45.9,288956,9.2,0.04821620473090863,57.5,-1.834862385321101,36.7,0.23071799329038967,0.17867565663681192,0.7009345794392523,0.02899707914007669,0.09322033898305085,0.2406779661016949,23.0,1.118035190615836,7.944808206093662,2.18027005778229,0.7,1650,6.1,32.37,1.2,59.4,220.5,3.8,3.5,5047.3357,5203,47.4,-19.4,33.5,0.47,305.73881964809385,8.3,8.797653958944283,2,95.51704545,0.13928974576271186,10.0,9.66,1.14,2.932551319648094,5.865102639296188,89.69391495601172,29.389479472140764,119.08339442815249,4.863084112
teramo,55.4,299646,6.3,0.051762288604393865,62.5,1.6666666666666667,33.3,0.19751818570817287,0.15412731753303674,0.6475409836065574,0.02817825033539577,0.15267175572519084,0.24351145038167937,13.1,0.9262322196493549,7.2815922788890886,2.291722327145424,0.5,900,6.5,31.66,1.2,57.0,199.2,3.9,4.5,1954.337,2085,35.5,-21.3,19.1,0.58,794.4864373139266,15.6,9.096923585841878,2,233.2462785,0.13273351145038167,9.8,7.63,1.14,4.961958319550115,4.134965266291763,126.77638107839894,18.014720476348,144.79110155474694,2.794672131
pescara,46.5,313631,11.3,0.05093410874812323,58.2,1.7094017094017095,34.4,0.2388965150777133,0.19326982275363727,0.7478991596638656,0.027337348667701853,0.1044776119402985,0.2574626865671642,16.0,0.939821130817038,5.364584495792826,2.277586383078114,0.5,1800,6.6,31.97,1.2,58.3,191.7,4.6,4.4,1230.4317,1287,68.1,-9.7,39.3,0.45,415.08700924662725,12.5,8.640291041382447,2,77.25269062,0.1655769402985075,10.1,5.91,1.14,1.9705926936486282,6.669698347733818,248.87297256328634,2.2191905411550703,251.09216310444143,5.176966387
chieti,43.2,373717,11.4,0.04785796010991484,56.0,-3.597122302158273,36.8,0.2035637618037201,0.162748020802279,0.6119402985074627,0.029536146335328604,0.17880794701986755,0.2642384105960265,19.8,1.0972007314671544,5.187615227565243,2.266588524019707,1.9000000000000001,1100,6.1,32.11,1.2,60.6,218.0,4.2,4.5,2599.6114,2871,57.1,-20.5,8.9,0.46,480.61077507385005,13.7,13.082008721339147,2,162.3678436,0.16267145695364238,7.7,4.68,1.14,6.189337459558306,6.892671261780841,153.4605429736953,7.055282036854691,160.51582501055,4.796686567
campobasso,43.0,211586,11.1,0.04554214592370025,53.6,4.225352112676056,39.7,0.20963364993215738,0.16570154878441104,0.6756756756756757,0.02538405187488775,0.06097560975609756,0.2878048780487805,21.4,1.2345679012345678,3.9374060665639505,2.190177125241653,1.8,1400,5.6,32.08,1.1,58.5,237.0,4.6,4.7,2925.4074,334,64.6,-34.3,12.2,0.44,442.11741528762803,15.0,12.60835303388495,3,128.1166273,0.1182792682926829,10.7,9.58,0.95,8.668242710795903,3.940110323089046,213.30338849487785,17.68321513002364,231.10191752035723,4.929216216
isernia,48.5,80564,10.1,0.04829715924890599,58.1,3.4482758620689653,35.4,0.21781632534663806,0.17046574851372748,0.7,0.023674097611836552,0.030303030303030304,0.2515151515151515,19.5,1.0906612133606,3.8875924730648923,2.201948232674645,1.0,950,6.3,32.07,1.2,60.5,245.5,2.1,1.1,1535.1556,555,57.8,-43.1,1022.2,0.35,327.99522835719154,15.1,15.678254942058624,3,36.95841854,0.11563121212121212,7.6,9.55,0.95,9.54328561690525,6.134969325153374,314.7034764826176,26.773006134969325,341.4764826175869,7.7302
caserta,27.3,905045,14.5,0.04016032424177572,42.2,-1.8796992481203008,50.7,0.17047224913939407,0.14315724752779627,0.7279693486590039,0.019836759498146502,0.07894736842105263,0.2338815789473684,31.2,1.1033864095088586,5.248578799949174,2.490237050963614,0.3,1150,8.4,31.25,1.4,49.6,129.6,1.8,2.9,2652.5819,1602,54.5,-29.1,18.3,0.5,59.530567391791884,1.1,5.786050684009868,1,8.182283023,0.10911815789473683,6.9,6.94,1.33,0.4933841668535547,5.292666517156313,58.332361516034986,0.00358824848620767,58.7601704418031,5.395643678
benevento,40.5,265055,7.7,0.04281471042092212,51.2,9.876543209876543,44.5,0.19805392793700452,0.16722285413474464,0.6741573033707865,0.01983045028390334,0.020833333333333332,0.30624999999999997,26.7,1.1513463324048283,3.187263020882458,2.319340462668451,1.1,1000,6.8,31.92,1.2,55.7,201.6,-1.0,-0.8,2080.3711,1678,45.2,-42.0,22.7,0.47,344.94781801299905,9.6,7.799442896935933,3,9.069452182,0.10682875,7.0,6.64,1.33,3.1569173630454967,4.642525533890436,216.7208913649025,2.5069637883008355,219.22785515320334,6.219696629
napoli,27.5,2988376,21.0,0.040882664346104054,40.2,5.338541666666666,49.1,0.1670962394036926,0.14527508116233434,0.7824474660074165,0.022384371979965036,0.10009813542688911,0.2333660451422964,33.2,1.0523238819058756,4.059295082011099,2.583013408591337,0.6000000000000001,3200,8.3,30.9,1.4,51.5,130.3,-3.1,-0.6,1180.1624,1791,73.2,-29.6,13.6,0.41,451.07325077728467,4.8,5.235045574127714,1,29.62239909,0.14835242394504417,6.3,6.23,1.33,1.4881347824931572,3.7469107916345563,87.82172942520793,1.7146235816215354,89.53635300682947,5.885051916
avellino,43.0,401451,14.0,0.04870220362802078,53.7,-0.6944444444444444,37.6,0.190585728751456,0.16524492617648512,0.6363636363636364,0.02119063098609793,0.05421686746987952,0.25301204819277107,19.8,1.098901098901099,3.1707481112265254,2.349710111522845,1.0,750,6.5,32.23,1.1,53.6,195.1,-0.3,0.2,2805.9969,1661,41.1,-39.2,31.2,0.49,226.01237842617152,7.3,7.578628268283441,2,30.73626374,0.10536825301204818,9.7,8.31,1.33,4.041935076417834,3.5366931918656053,57.46558039661488,0.08841732979664015,57.55399772641152,4.064972028
salerno,35.2,1064493,14.5,0.04422387106284704,47.9,2.1021021021021022,44.0,0.1886048011497408,0.1627152441782533,0.7147058823529412,0.022194584652036227,0.05303030303030303,0.2621212121212121,21.8,1.0686141024054132,4.697447517268785,2.427217076302275,0.7999999999999999,2550,7.3,31.6,1.3,53.8,168.4,0.1,1.3,4956.5806,1041,58.9,-29.2,19.4,0.37,553.4473325906672,10.2,7.385402483805752,3,66.66629533,0.12114742424242428,8.8,8.11,1.33,4.16718240706358,3.2182200767421714,110.8963568098362,0.42290712546932374,111.31926393530553,5.376814706
foggia,31.2,599028,16.9,0.04190898401499984,44.3,5.421686746987952,46.7,0.16132346979324297,0.13468870727457896,0.6857142857142857,0.020364674105384055,0.04739336492890995,0.266824644549763,34.9,1.1690020902686382,5.170542946239575,2.368334556594441,0.9,1250,7.0,30.52,1.3,55.3,172.5,-1.6,-1.1,7007.8605,2138,42.5,-52.0,9.4,0.41,376.78656034682973,7.7,7.1223968413718355,1,26.78191531,0.08835838862559244,5.4,3.45,0.86,1.9354339242858247,5.18696291708601,332.1539057056592,0.041418285979716654,332.19532399163893,5.910537143
bari,37.7,1226784,9.3,0.04515247643966934,52.7,2.403846153846154,41.9,0.18778340177633465,0.15890242800955767,0.7112676056338029,0.0256643304770848,0.14957264957264957,0.26153846153846155,22.4,1.1465066174207448,3.427416725356705,2.403893178766484,0.8,2200,7.0,31.98,1.2,55.0,179.8,1.3,2.3,3862.9963,2898,63.4,-17.7,9.5,0.45,577.5497076023391,11.6,8.310249307479225,1,67.33256387,0.16628134615384618,9.0,8.62,0.86,1.3850415512465375,6.925207756232687,396.76188827331487,15.03524161280394,411.7971298861188,6.221382629
taranto,29.5,559892,13.6,0.03942028985507246,44.7,2.5316455696202533,48.3,0.149852475322005,0.1261708213031868,0.6358024691358025,0.021782182992434257,0.11764705882352941,0.23957219251336898,31.8,1.3727272727272726,2.6380087588320604,2.321572745108703,0.7,1050,6.2,30.97,1.2,57.8,194.7,-1.1,-0.3,2467.7149,4193,45.7,-44.3,19.4,0.51,734.4645454545455,13.2,7.2727272727272725,1,45.24445455,0.11656796791443849,7.0,3.85,0.86,2.7272727272727275,4.545454545454545,319.55427272727275,0.1440909090909091,319.69836363636364,5.658067901
brindisi,44.6,381273,13.1,0.049346467718157656,56.4,17.647058823529413,35.1,0.1480575914012334,0.11963080587534736,0.6571428571428571,0.020281320733437722,0.05,0.221875,19.7,1.0939422945439627,2.9695257728714073,2.317553986812756,0.7,850,6.6,31.0,1.2,57.1,203.3,-0.1,1.1,1861.6695,2054,33.9,-43.5,13.0,0.46,525.0828661288117,14.1,7.93108163544373,1,40.70750718,0.085383125,10.6,4.21,0.86,1.9143990154519348,6.016682619991795,373.30890195542185,0.0,373.30890195542185,4.02445
lecce,38.3,775348,13.1,0.04259889790565561,49.1,3.389830508474576,43.6,0.17849193838814995,0.1541578432303105,0.7213114754098361,0.020062849198037528,0.05714285714285714,0.27964285714285714,24.3,1.2266630720496057,3.3141247543038737,2.270060908672404,0.6000000000000001,1350,6.3,31.67,1.2,59.2,215.6,0.7,1.1,2799.0645,1486,23.5,-32.5,9.9,0.48,661.4885758576531,15.2,10.716452112960841,1,52.70553346,0.12973932142857142,6.1,8.4,0.86,2.6959627957134193,8.02048931724742,516.5681067601267,2.2733032284154477,518.8414099885422,5.19367623
barletta andria trani,28.1,380616,11.0,0.04202151501568803,47.5,8.035714285714286,46.6,0.14267344042973698,0.11560969151330597,0.6446280991735537,0.018200128213212267,0.037037037037037035,0.2733333333333333,23.3,1.247352318192516,2.723217100699918,2.520470447124675,0.7,2105,7.1,31.37,1.3,51.4,154.9,-1.6,-0.4,1543.3412,1305,63.2,-37.0,5.5,0.43,259.0155330666039,6.8,5.413038361967522,1,22.41315604,0.0955408888888889,5.1,8.1,0.86,1.2944222169922333,4.118616144975288,245.89609319839963,0.0,245.89609319839963,3.837066116
potenza,39.4,349616,7.0,0.044032281376361726,53.1,0.0,42.9,0.18417517194361452,0.14714491278559647,0.6475409836065574,0.02713019427028511,0.0916030534351145,0.266412213740458,21.9,1.2642802741812642,3.1580362454807562,2.243022030215097,0.7,1200,5.9,32.3,1.1,56.3,221.6,-1.0,-1.2,6594.2944,1033,34.5,-48.2,163.0,0.52,412.66686976389946,10.9,11.881188118811881,3,98.12947449,0.1337787786259542,9.9,12.43,0.54,5.331302361005331,6.549885757806551,99.73450114242193,0.5000761614623,100.23457730388424,3.745106557
matera,40.7,191552,7.8,0.04430414797585424,53.0,0.0,42.5,0.18706257149534436,0.15192525190211803,0.6417910447761194,0.023252328349482123,0.027777777777777776,0.28194444444444444,18.3,1.1526639344262295,5.817219345138657,2.243858986762311,1.0,1200,6.0,31.9,1.1,56.1,201.3,3.5,3.8,3478.8824,1420,43.1,-37.8,17.2,0.55,335.46618852459017,8.6,9.73360655737705,2,158.1800717,0.11476847222222222,8.9,7.06,0.54,3.329918032786885,6.403688524590164,127.4390368852459,38.83196721311475,166.27100409836066,3.56941791
cosenza,33.2,674543,16.0,0.04090108782850332,44.4,1.5463917525773196,47.1,0.19365659411547287,0.1568167460349713,0.7461928934010152,0.018137702118323072,0.030042918454935622,0.28197424892703865,29.3,1.1729594669627985,4.778494477001466,2.192227587943149,0.6,1000,6.9,31.27,1.2,56.4,189.7,2.0,2.4,6709.4563,2032,21.3,-38.4,37.5,0.73,191.25638534147697,4.6,7.148806218767351,2,18.46425597,0.10994896995708155,8.4,4.67,0.59,2.2903942254303167,4.858411993337035,28.371043864519713,0.0,28.371043864519713,4.535949239
catanzaro,34.9,343673,13.6,0.04253553273161116,47.0,0.9433962264150944,45.6,0.1988239316239316,0.16308355384198142,0.6355140186915887,0.022312227029763758,0.056910569105691054,0.27073170731707313,29.9,1.1486576733003873,4.85025009238433,2.263032324950821,0.2,900,7.0,31.69,1.2,56.9,186.5,-1.0,0.3,2415.6206,2690,47.7,-36.6,59.2,0.5,114.05636436489915,3.3,7.746761052490984,2,15.54654735,0.1284630081300813,7.0,10.03,0.59,1.3356484573260317,6.411112595164953,171.70735942299987,0.0,171.70735942299987,3.975738318
reggio di calabria,29.1,522127,14.0,0.037218962372088535,41.3,0.0,52.0,0.19401542641454386,0.15764649058389232,0.75,0.02014431354823635,0.043209876543209874,0.295679012345679,28.3,1.1466950610205586,5.548458516797637,2.322091895387268,0.5,1100,7.6,30.94,1.3,57.2,168.3,-2.1,-1.6,3208.4109,1705,40.7,-45.6,37.2,0.42,303.6388729625686,3.9,8.436399377508396,2,10.3969203,0.09595833333333335,6.9,6.85,0.59,1.1466950610205586,7.289704316487837,198.56982553853715,0.39970513555573756,198.96953067409288,4.392521429
crotone,26.6,163553,17.2,0.03525963579734524,36.9,-2.4390243902439024,55.5,0.1566416414919391,0.13007568382376034,0.675,0.01984916204533087,0.041666666666666664,0.32083333333333336,31.4,1.089108910891089,5.35178199115883,2.306804400245409,1.0,850,8.3,29.85,1.4,56.1,152.1,-1.9,-1.3,1735.592,1281,44.2,-56.3,3.5,0.36,181.0101485148515,9.6,9.158415841584159,2,26.57920792,0.10866499999999998,5.0,4.21,0.59,1.2376237623762376,7.920792079207921,255.46039603960395,0.0,255.46039603960395,6.497325
vibo valentia,33.9,151558,14.4,0.04164996738728968,45.9,12.5,46.4,0.17469965561568615,0.14185552757616154,0.6444444444444445,0.01841361063091358,0.0,0.29056603773584905,16.7,1.0914454277286136,4.375882500428879,2.313099730458221,0.4,800,7.3,31.26,1.3,56.7,181.8,-1.1,-0.4,1150.2187,319,25.7,-52.2,13.1,0.53,102.84454277286136,4.0,7.079646017699115,3,20.2539823,0.07661735849056603,12.4,2.24,0.59,1.4749262536873156,5.604719764011799,4.705014749262537,0.0,4.705014749262537,3.065777778
trapani,31.6,417220,13.4,0.03805964002397189,43.4,0.0,49.9,0.1543355836560319,0.13146181173355379,0.7758620689655172,0.018707492450026366,0.014925373134328358,0.2917910447761194,24.6,1.156506701253783,4.922343128325584,2.230130633819945,0.4,900,7.3,30.92,1.4,57.9,191.7,-0.9,0.9,2469.747,2517,63.2,-40.2,7.2,0.51,430.55371811500214,7.1,5.296152183311716,2,40.50940337,0.09551708955223881,6.6,2.72,0.92,2.3778642455685257,2.9182879377431905,76.46292693471682,0.0,76.60743623000432,5.455241379
palermo,30.9,1208991,18.0,0.03894831598212352,41.4,1.2539184952978055,49.6,0.17186780398902565,0.14846874427328682,0.8390092879256966,0.02184744965016282,0.08673469387755102,0.238265306122449,33.9,1.028971028971029,2.7915840564569963,2.362499335031711,0.4,1850,8.0,30.47,1.4,56.8,156.8,-2.2,-0.4,5009.5156,1557,76.3,-23.8,12.1,0.26,395.26803196803195,6.1,6.926406926406926,1,28.72377622,0.13426265306122448,7.2,7.75,0.92,1.6317016317016317,5.294705294705295,258.208658008658,1.1872127872127871,259.3958707958708,7.925674923
messina,33.1,603229,21.5,0.04190277772338684,43.3,3.6809815950920246,44.8,0.19607445371139426,0.16035808196693854,0.7455621301775148,0.020858164975490236,0.04672897196261682,0.2411214953271028,29.3,1.1631638055510989,4.3699822123936345,2.154139315944032,2.3000000000000003,1750,6.5,31.19,1.2,57.7,202.1,1.6,2.5,3266.8928,1545,65.8,-33.6,5.9,0.38,539.017327129793,8.7,8.262473929087117,2,48.9254773,0.10269476635514017,6.1,5.81,0.92,4.732873415690678,3.529600513396438,83.59521899566822,0.0,83.64567623937108,6.281786982
agrigento,28.6,415887,19.3,0.03970577733342855,41.9,3.669724770642202,48.1,0.15613177760963926,0.1357393059364092,0.6814159292035398,0.017918280686821178,0.014388489208633094,0.26618705035971224,33.6,1.1909965034965033,3.5290836212721244,2.334627104506069,0.5,950,7.5,30.89,1.3,56.6,182.6,-1.4,-1.1,3053.8057,897,31.8,-48.1,98.7,0.52,538.6602928321678,9.4,7.320804195804196,1,35.49147727,0.07155273381294965,6.5,1.74,0.92,2.1853146853146854,5.13548951048951,147.63090034965035,0.0,147.63090034965035,5.52959292
caltanissetta,20.8,251715,20.1,0.03488624256310167,35.8,-4.761904761904762,55.1,0.14818437461792394,0.13085885142798226,0.6833333333333333,0.018739248753550642,0.06756756756756757,0.25405405405405407,41.6,1.3883746760459088,2.8738851478855056,2.333017282652573,0.9,850,7.0,30.68,1.2,55.1,172.7,-4.6,-3.4,2138.3295,271,54.2,-62.5,10.5,0.43,330.8585708996668,3.6,4.257682339874121,1,23.16882636,0.1517368918918919,5.0,7.73,0.92,1.8511662347278786,2.406516105146242,337.87319511292117,0.0,337.87319511292117,5.07755
enna,31.1,156730,13.0,0.03989611953780722,45.4,0.0,47.8,0.15296113831544794,0.12676147907354735,0.6521739130434783,0.018132967523766988,0.0,0.2528301886792453,30.2,1.376,2.4226376571173356,2.226780141024159,0.6,900,6.5,30.48,1.2,57.3,204.5,-3.5,-3.7,2574.6661,935,27.9,-55.3,13.0,0.46,419.392,9.0,5.44,2,38.84768,0.07739037735849055,9.5,6.75,0.92,2.8800000000000003,2.56,78.47456,0.0,78.47456,4.531847826
catania,28.4,1077515,16.3,0.03817113391706149,40.7,3.6101083032490973,51.3,0.1720598720201143,0.14602936914307796,0.7560975609756098,0.021170554470239394,0.09064327485380116,0.2628654970760234,32.3,1.0540956006148892,3.0918363085432685,2.338914364236544,0.4,1100,8.2,30.21,1.4,55.1,147.6,-1.0,0.2,3573.5993,2877,58.5,-24.5,16.7,0.22,251.07777615108702,4.5,4.648268794378157,1,33.37372813,0.14017850877192978,8.1,7.29,0.92,1.5006222092086963,3.147646585169461,108.10980162506405,0.0,108.10980162506405,6.786912892
ragusa,41.9,316142,9.9,0.047021527517073745,54.0,0.9009009009009009,40.0,0.15286829808165273,0.13152833609206274,0.6517857142857143,0.02071369827482587,0.024193548387096774,0.23790322580645162,25.7,0.8689081979599547,9.54824098031897,2.361021263851453,1.4,950,8.3,30.21,1.4,54.3,151.1,6.8,7.9,1623.8913,166,58.0,-29.6,22.8,0.5,265.5093816899635,4.4,4.15564790328674,2,17.15577383,0.09061951612903225,8.3,3.56,0.92,1.6370734164462915,2.518574486840448,19.897619947109934,0.0,19.897619947109934,4.601973214
siracusa,28.8,385900,14.8,0.03993781988657659,44.1,2.7777777777777777,48.3,0.1568376147754642,0.13423308407805945,0.6846846846846847,0.02928209380668567,0.07692307692307693,0.21923076923076923,40.2,1.1637103152186195,3.8217154703291003,2.282709598231576,0.7,1100,7.3,30.0,1.3,55.8,171.4,1.6,2.8,2124.8328,780,43.8,-35.3,8.4,0.39,508.2661846119083,11.2,6.665913456106655,1,83.8313185,0.10639007692307692,6.1,3.4,0.92,2.4855948480397694,4.180318608066885,347.19026098745906,24.63879787594622,371.82905886340524,5.328081081
sassari,46.7,476516,10.3,0.04641584197115866,54.6,3.0120481927710845,39.1,0.17877054275612883,0.1281022046538164,0.783625730994152,0.024779797530408213,0.06315789473684211,0.2557894736842105,23.3,1.260923845193508,4.278765036221239,2.071799254876178,3.5,1350,5.3,32.02,1.0,55.5,220.3,2.0,3.6,7693.841,3143,34.0,-12.0,18.3,0.51,1127.2498127340823,27.0,13.857677902621722,2,241.6166042,0.13358410526315792,7.5,3.79,0.83,5.742821473158552,8.114856429463172,680.7169787765293,20.488264669163545,701.2052434456929,5.113988304
nuoro,46.6,200376,7.8,0.043890963143295214,54.6,-2.7777777777777777,40.8,0.16573203648548027,0.10615119392583355,0.6714285714285714,0.022078242903341715,0.04,0.29333333333333333,23.4,1.2316715542521994,2.2707310256717372,2.110343723313407,2.2,850,5.0,31.98,1.0,59.7,236.4,-1.4,-0.4,5639.9476,1937,15.4,-46.5,34.8,0.44,701.6521994134897,19.1,10.850439882697948,3,346.8947214,0.0901572,7.8,4.57,0.83,4.9853372434017595,5.865102639296188,803.9580645161291,90.04868035190616,894.0067448680352,3.733471429
cagliari,51.3,421688,13.9,0.05187747035573123,58.2,1.2422360248447204,32.4,0.23864018489556924,0.1883403871707965,0.8220858895705522,0.03213100681072262,0.13756613756613756,0.22116402116402115,15.2,1.217678893565845,3.579186507560092,2.08722468277178,0.8,1400,4.9,32.59,0.9,54.1,226.7,3.0,3.4,1250.3269,5700,75.3,12.8,53.2,0.62,801.7773601924233,26.5,15.784726398075765,1,233.3917619,0.19534793650793647,19.6,5.03,0.83,2.254960914010824,13.529765484064944,833.1713770294648,117.37026458208058,950.5416416115454,6.444822086
oristano,43.5,151655,13.6,0.04427109174038821,51.4,0.0,40.5,0.14983326824285756,0.1015372487189594,0.74,0.020135504928950578,0.0,0.2672413793103448,22.7,1.4758497316636852,1.967623883155847,2.171820108585199,2.7,800,4.4,32.4,0.9,61.3,293.5,0.8,1.7,2991.4337,1506,16.8,-36.0,59.0,0.57,685.6766547406082,19.5,9.838998211091235,3,229.3913238,0.08365120689655173,7.5,9.9,0.83,4.025044722719142,5.813953488372093,1186.0438282647585,26.76565295169946,1212.809481216458,4.87368
sud sardegna,42.0,337178,12.3,0.043578965428497894,52.5,-1.7543859649122806,40.2,0.11820033630907624,0.07574774723957525,0.7232142857142857,0.017772689795894157,0.007874015748031496,0.21653543307086615,24.7,1.452689438555163,1.5967827082431238,2.184455068300904,2.4,800,4.4,32.31,0.9,60.4,276.9,-0.2,0.7,6532.9875,181,12.4,-45.6,90.6,0.53,441.0045151158225,18.6,12.956419316843345,3,189.5708677,0.05770149606299212,8.9,5.82,0.83,4.907734589713388,8.048684727129958,842.737141735375,18.356890459363957,861.0940321947389,4.416598214
