,prov_name,population,unempl_rate,part_rate,empl_growth,inact_rate,fem_edu_rate,male_edu_rate,service_empl_rate,GDP,n_large_comp,n_self_empl,young_neet,fem_house_rate,foreign_rate,n_members_family,elderly_in_care,house_price,fertility_rate,first_birth_maternal_age,avg_children_per_woman,dependency_rate,ageing_index,net_migration_rate,adj_net_migration_rate,area_km2,public_transport_supply,internet_coverage_rate,graduate_mobility_rate,green_m2_capita,eco_urban_index,per_capita_public_expenditure,ecec_participation,coverage,urban_type,per_capita_user_contribution,advanced_business_empl,lifelong_learn,startup_ratio,GERD_total_intramural,public_coverage,private_coverage,other_percapita_public_expenditure,other_percapita_user_contrib,other_per_capita_expenditure,fem_maj_empl_rate,ecec_diffusion,empl_rate,fem_empl_rate,mal_empl_rate
0,Oristano,151655,13.6,0.0442710917403882,0.0,40.5,0.1498332682428575,0.1015372487189594,0.74,0.0201355049289505,0.0,0.2672413793103448,22.7,1.4758497316636852,1.967623883155847,2.171820108585199,2.7,800,4.4,32.4,0.9,61.3,293.5,0.8,1.7,2991.4337,1506,16.8,-36.0,59.0,0.57,685.6766547406082,19.5,9.838998211091235,3,229.3913238,0.0836512068965517,7.5,9.9,0.83,4.025044722719142,5.813953488372093,1186.0438282647583,26.76565295169946,1212.809481216458,4.87368,34.5,51.4,43.54,59.09
1,Modena,701751,5.1,0.0585948176898267,4.487179487179487,25.2,0.1947825089953834,0.1563780615226592,0.549079754601227,0.0450546703887846,0.2244897959183673,0.2189504373177842,12.1,0.6816096473980862,13.28662160794926,2.247328592737373,2.0,2600,7.3,31.49,1.4,57.7,176.6,8.5,7.9,2687.9103,2268,51.8,22.5,56.8,0.54,2227.0578057412504,32.9,12.19032638615808,2,414.2251278,0.1873949562682215,13.4,7.31,2.16,7.078254030672434,5.112072355485647,597.3834054266614,23.53270415519728,621.5715034735877,4.259346626,97.9,71.01,65.88,76.05
2,Catanzaro,343673,13.6,0.0425355327316111,0.9433962264150944,45.6,0.1988239316239316,0.1630835538419814,0.6355140186915887,0.0223122270297637,0.056910569105691,0.2707317073170731,29.9,1.1486576733003873,4.85025009238433,2.263032324950821,0.2,900,7.0,31.69,1.2,56.9,186.5,-1.0,0.3,2415.6206,2690,47.7,-36.6,59.2,0.5,114.05636436489915,3.3,7.746761052490984,2,15.54654735,0.1284630081300813,7.0,10.03,0.59,1.3356484573260317,6.411112595164953,171.70735942299987,0.0,171.70735942299987,3.975738318,17.5,46.98,34.89,59.38
3,Rimini,338369,6.7,0.0544805890933375,0.0,30.1,0.2098479728576597,0.1654988966244882,0.7448275862068966,0.0339353486873797,0.1225806451612903,0.2832258064516129,14.0,0.8887526815813668,10.906731999680822,2.218103846407601,1.7,2900,6.1,31.83,1.2,56.9,187.8,7.5,7.1,922.0369,4244,38.7,6.2,21.4,0.67,1981.979007048728,27.2,10.26662580447441,1,373.7261722,0.1862615483870967,8.1,9.74,2.16,6.28256205945449,3.98406374501992,225.22448666870977,0.4443763407906834,225.66886300950048,4.708082759,77.8,65.22,57.92,72.71
4,Teramo,299646,6.3,0.0517622886043938,1.6666666666666667,33.3,0.1975181857081728,0.1541273175330367,0.6475409836065574,0.0281782503353957,0.1526717557251908,0.2435114503816793,13.1,0.9262322196493548,7.281592278889088,2.291722327145424,0.5,900,6.5,31.66,1.2,57.0,199.2,3.9,4.5,1954.337,2085,35.5,-21.3,19.1,0.58,794.4864373139266,15.6,9.096923585841878,2,233.2462785,0.1327335114503816,9.8,7.63,1.14,4.961958319550115,4.134965266291763,126.77638107839894,18.014720476348,144.79110155474694,2.794672131,70.2,62.51,55.39,69.61
5,Brescia,1253157,4.1,0.0538861447753806,0.0,31.2,0.1660239500539269,0.1308593169161103,0.540590405904059,0.0405315934076895,0.1451327433628318,0.2284955752212389,11.6,0.8460421205519245,12.197593757206798,2.274962092459813,1.8,2500,6.9,31.22,1.3,55.7,164.1,6.7,6.7,4785.4828,6684,37.2,0.7,23.8,0.59,574.8664488017429,15.7,12.091503267973856,1,136.8851489,0.1754104955752212,7.0,6.67,1.29,2.1423384168482205,9.949164851125635,333.03554829339146,11.345279593318809,344.96503267973856,4.286787823,83.9,65.95,54.16,77.29
6,Novara,361916,6.6,0.0555422268817805,5.333333333333334,27.8,0.1742839496641704,0.1406845152152689,0.6329113924050633,0.0346055990892914,0.1834319526627219,0.1994082840236686,18.1,0.7997831096651755,10.27420727461621,2.188358495611796,1.2,1500,6.5,31.55,1.3,58.7,195.2,7.6,8.0,1340.2472,2422,33.7,-0.1,14.3,0.55,1312.6989291039718,19.4,13.148976548732549,2,287.8039854,0.1484719526627219,12.2,7.55,2.08,5.015588992815507,8.13338755591704,353.7844652297682,8.946319642130948,362.8258099498441,5.554506329,62.1,67.41,61.14,73.61
7,Avellino,401451,14.0,0.0487022036280207,-0.6944444444444444,37.6,0.190585728751456,0.1652449261764851,0.6363636363636364,0.0211906309860979,0.0542168674698795,0.253012048192771,19.8,1.098901098901099,3.170748111226525,2.349710111522845,1.0,750,6.5,32.23,1.1,53.6,195.1,-0.3,0.2,2805.9969,1661,41.1,-39.2,31.2,0.49,226.01237842617152,7.3,7.578628268283441,2,30.73626374,0.1053682530120481,9.7,8.31,1.33,4.041935076417834,3.5366931918656053,57.46558039661488,0.0884173297966401,57.55399772641152,4.064972028,79.7,53.66,43.03,64.27
8,Pesaro e Urbino,349818,5.0,0.0564581682385391,3.2679738562091507,26.8,0.2092774189229894,0.1641355720510382,0.6012658227848101,0.0317992213093665,0.108433734939759,0.2433734939759036,14.1,0.8346996571769264,7.978148637291392,2.274091182705645,0.5,1950,6.1,31.56,1.2,59.0,201.1,6.4,5.8,2511.1961,623,39.4,-9.8,21.2,0.57,1243.6428677895365,23.9,11.179013265762409,2,410.8935758,0.1579273493975903,11.7,4.61,1.0,7.154568490087942,4.024444775674467,211.6525562677001,19.91026978685348,231.5628260545536,3.626677215,64.0,69.56,62.4,76.67
9,Caserta,905045,14.5,0.0401603242417757,-1.8796992481203008,50.7,0.170472249139394,0.1431572475277962,0.7279693486590039,0.0198367594981465,0.0789473684210526,0.2338815789473684,31.2,1.1033864095088586,5.248578799949174,2.490237050963614,0.3,1150,8.4,31.25,1.4,49.6,129.6,1.8,2.9,2652.5819,1602,54.5,-29.1,18.3,0.5,59.53056739179189,1.1,5.786050684009868,1,8.182283023,0.1091181578947368,6.9,6.94,1.33,0.4933841668535547,5.292666517156313,58.332361516034986,0.0035882484862076,58.7601704418031,5.395643678,56.7,42.19,27.33,57.21
10,Lecco,332457,2.9,0.0529560572068542,2.142857142857143,30.9,0.1849814497716895,0.1543425312620667,0.5804195804195804,0.036499156281865,0.0743243243243243,0.2216216216216216,10.5,0.8962479112866474,7.817552345115308,2.253221166300806,1.4,2250,6.3,32.01,1.3,59.6,192.2,6.0,6.2,805.5242,2099,33.1,-2.8,15.9,0.53,420.5025064560231,17.8,18.83639677958378,1,192.2315054,0.1537227027027027,9.6,4.45,1.29,3.645754215403312,15.190642564180465,251.48625246847945,5.327206440832447,257.5178490050129,4.056307692,89.3,67.13,59.61,74.44
11,Trieste,228833,6.3,0.0544998354721948,1.020408163265306,25.5,0.2476271634686021,0.2228641022601123,0.8282828282828283,0.0391229848841731,0.2169811320754717,0.1858490566037735,13.5,0.847457627118644,10.143641869835209,1.879608703266644,0.6,2050,6.0,32.14,1.2,65.1,267.5,9.0,8.7,212.5791,6336,81.0,23.8,62.8,0.65,4772.02421307506,29.5,15.738498789346249,1,425.2343826,0.1929246226415094,16.2,12.98,1.66,6.295399515738499,9.443099273607748,646.8762711864407,2.842130750605327,649.718401937046,5.911525253,100.0,69.81,66.53,73.05
12,Gorizia,137899,5.9,0.0522963229683735,3.571428571428571,30.0,0.1822720755671755,0.1489017178259645,0.6379310344827587,0.0318467864161451,0.081967213114754,0.1770491803278688,17.3,0.9191880505553428,11.761506609910152,2.055583908736115,1.7,1000,6.7,30.85,1.5,62.1,233.9,9.0,8.4,475.1008,1047,42.7,-9.6,140.3,0.6,2538.058981233244,41.7,11.872845653006513,1,421.4684029,0.1268518032786885,11.6,6.89,1.66,5.361930294906166,6.510915358100345,1075.6733052470315,23.41325162772884,1099.0865568747606,2.565448276,100.0,65.83,57.65,73.44
13,Monza e della Brianza,870407,4.3,0.0565484319476679,3.1413612565445024,27.2,0.1989400999148391,0.1726466900159986,0.700507614213198,0.0359329141424643,0.1262135922330097,0.1992718446601941,16.2,0.7367751510654086,8.992344960461025,2.26209468855186,0.8,3350,6.9,32.15,1.3,57.2,172.5,7.1,7.3,405.4018,1362,46.8,21.1,74.7,0.45,674.7932789144493,13.6,14.046432736139089,1,265.3437931,0.1680428640776699,11.0,6.17,1.29,2.332237888264603,11.714194847874484,177.27902046008694,5.234601929396798,182.5136223894837,5.574781726,85.5,69.66,63.46,75.78
14,Lodi,227327,5.2,0.0555864369093941,-0.9803921568627452,28.6,0.1665383276547715,0.1329111854653253,0.6831683168316832,0.0305951778715242,0.1037735849056603,0.1688679245283018,13.8,0.7565200079633685,12.508412990977757,2.292319978972695,0.9,2100,7.0,31.01,1.3,55.4,164.2,7.5,7.6,783.026,1050,30.2,-2.6,57.1,0.59,538.8911009356958,9.1,13.736810670913798,2,190.1033247,0.1303489622641509,7.8,5.73,1.29,1.7917579135974515,11.945052757316343,96.27334262392992,4.296436392594067,100.569779016524,2.853247525,71.7,67.69,60.28,74.81
15,Pescara,313631,11.3,0.0509341087481232,1.7094017094017095,34.4,0.2388965150777133,0.1932698227536372,0.7478991596638656,0.0273373486677018,0.1044776119402985,0.2574626865671642,16.0,0.939821130817038,5.364584495792826,2.277586383078114,0.5,1800,6.6,31.97,1.2,58.3,191.7,4.6,4.4,1230.4317,1287,68.1,-9.7,39.3,0.45,415.0870092466273,12.5,8.640291041382447,2,77.25269062,0.1655769402985075,10.1,5.91,1.14,1.970592693648628,6.669698347733818,248.8729725632864,2.2191905411550703,251.09216310444145,5.176966387,80.4,58.19,46.49,70.11
16,Reggio nell'Emilia,525586,4.4,0.0562024934716006,-1.6736401673640169,29.4,0.1828744839653334,0.1408374529134366,0.5829787234042553,0.042011716446024,0.1747967479674796,0.2247967479674796,11.6,0.7325691631474619,12.37266593859045,2.260077362440449,2.0,2100,6.9,31.45,1.3,55.8,163.8,7.8,7.0,2291.142,2070,54.9,18.4,58.1,0.73,2335.688787382573,30.9,12.152029647504955,2,433.6258726,0.1842568699186992,9.9,7.44,2.16,6.5500301646126005,5.601999482892356,558.356890459364,19.10626562096009,584.651728001379,4.699574468,100.0,67.53,61.89,73.03
17,Como,594941,6.6,0.0551873069194085,2.788844621513944,28.4,0.1848039293228087,0.1565615412117836,0.6317829457364341,0.0327605090252646,0.1123188405797101,0.2047101449275362,13.8,0.805926408336047,7.681770125104842,2.238090208091264,0.9,2750,6.3,31.98,1.2,57.2,183.9,8.4,8.8,1279.0044,2477,38.3,11.2,20.8,0.51,678.8744708563986,13.5,12.780853142298929,1,246.8664116,0.1714826449275362,10.2,6.99,1.29,2.6050146532074243,10.1758384890915,231.06317160534027,2.923152067730381,234.31732334744385,3.68753876,82.4,66.92,59.94,73.75
18,Agrigento,415887,19.3,0.0397057773334285,3.669724770642202,48.1,0.1561317776096392,0.1357393059364092,0.6814159292035398,0.0179182806868211,0.014388489208633,0.2661870503597122,33.6,1.190996503496503,3.5290836212721244,2.334627104506069,0.5,950,7.5,30.89,1.3,56.6,182.6,-1.4,-1.1,3053.8057,897,31.8,-48.1,98.7,0.52,538.6602928321678,9.4,7.320804195804196,1,35.49147727,0.0715527338129496,6.5,1.74,0.92,2.185314685314685,5.13548951048951,147.63090034965035,0.0,147.63090034965035,5.52959292,46.5,41.87,28.64,55.34
19,Belluno,198676,2.9,0.0530982849253969,1.162790697674419,27.8,0.1705446914491283,0.1381073537040239,0.5402298850574713,0.037334353419638,0.2444444444444444,0.2111111111111111,11.0,0.9210159084566006,6.046024683404135,2.092296565733916,7.1,1250,5.7,31.35,1.2,62.9,248.8,5.7,5.7,3609.9988,1959,33.9,-13.5,25.1,0.74,686.7954228300307,12.1,12.280212112754674,3,259.3940832,0.1490015555555555,8.2,6.63,1.27,3.3491487580240022,8.931063354730673,219.61512698855708,0.0,233.53977114150155,3.905494253,86.9,70.09,64.29,75.84
20,Firenze,987260,6.1,0.058995768953748,6.744186046511628,23.5,0.230690012676671,0.1928979468953393,0.7145969498910676,0.043713560764135,0.1554192229038855,0.2380368098159509,12.2,0.7085229623500207,12.663533415716223,2.132995012116536,1.5,4450,6.3,32.63,1.2,61.0,214.6,7.8,7.7,3513.4858,6968,63.7,17.3,26.7,0.56,2379.557767894084,34.0,15.101365328920147,1,629.0970728,0.2103530061349693,12.7,7.37,1.58,6.930078609846918,8.171286719073231,554.9419735208937,78.74317335539925,633.685146876293,5.498836601,100.0,71.85,69.09,74.68
21,Benevento,265055,7.7,0.0428147104209221,9.876543209876544,44.5,0.1980539279370045,0.1672228541347446,0.6741573033707865,0.0198304502839033,0.0208333333333333,0.30625,26.7,1.1513463324048283,3.187263020882458,2.319340462668451,1.1,1000,6.8,31.92,1.2,55.7,201.6,-1.0,-0.8,2080.3711,1678,45.2,-42.0,22.7,0.47,344.94781801299905,9.6,7.799442896935933,3,9.069452182,0.10682875,7.0,6.64,1.33,3.1569173630454967,4.642525533890436,216.7208913649025,2.5069637883008355,219.2278551532033,6.219696629,73.1,51.24,40.53,61.99
22,Torino,2208370,7.4,0.0524191687832851,0.6674082313681869,29.8,0.1943836927355782,0.176040296811799,0.7060773480662983,0.0355997138160724,0.1842374616171955,0.231525076765609,15.9,0.8846278541985086,9.4581523929414,2.06645947816484,1.1,3150,6.1,32.0,1.2,61.5,215.4,4.4,5.4,6826.9297,4713,68.7,5.8,28.0,0.5,1341.3408133018388,18.9,12.759946273910424,1,333.031703,0.2216316171954964,11.2,10.98,2.08,3.381038395627808,9.378907878282618,234.86985317956555,11.87832893335186,259.89771200963366,5.612704972,51.6,64.97,58.54,71.46
23,Brindisi,381273,13.1,0.0493464677181576,17.647058823529413,35.1,0.1480575914012334,0.1196308058753473,0.6571428571428571,0.0202813207334377,0.05,0.221875,19.7,1.0939422945439627,2.969525772871408,2.317553986812756,0.7,850,6.6,31.0,1.2,57.1,203.3,-0.1,1.1,1861.6695,2054,33.9,-43.5,13.0,0.46,525.0828661288117,14.1,7.93108163544373,1,40.70750718,0.085383125,10.6,4.21,0.86,1.9143990154519348,6.016682619991795,373.30890195542185,0.0,373.30890195542185,4.02445,70.0,56.39,44.61,68.39
24,Pisa,417041,6.7,0.0552916062211607,0.5555555555555556,27.3,0.2210124961732208,0.1864539311892653,0.7679558011049724,0.0356091847084579,0.1237113402061855,0.2329896907216495,12.8,0.7910823444804028,10.013164173306702,2.199140598507969,1.6,2700,6.2,32.28,1.2,59.7,200.5,7.7,6.8,2445.0736,2875,40.4,12.2,23.2,0.52,1293.4018938031884,25.4,13.424427663909864,2,422.3716888,0.171605206185567,12.3,10.85,1.58,6.232769986815295,7.19165767709457,233.0798274002157,29.744696152463145,272.5440489032722,3.920618785,89.2,67.8,62.56,73.01
25,Venezia,836916,4.3,0.0549441260502781,7.183908045977011,28.0,0.1768945810094333,0.1513158285473324,0.7319034852546917,0.0357255447380621,0.1282051282051282,0.2117948717948717,13.8,0.8780181875195987,10.35551955034914,2.187705569384436,2.5,4250,6.0,31.8,1.2,59.4,215.3,5.7,5.4,2478.4322,10642,54.8,-5.5,44.9,0.65,1256.5091251175918,13.9,10.787080589526498,1,180.0343054,0.1719706923076923,12.7,6.31,1.27,3.2612104107870805,7.525870178739417,210.5308247099404,2.823769206647852,282.16826591407965,2.752163539,75.0,68.91,61.82,75.99
26,Ravenna,385631,5.5,0.0563690874402239,0.0,25.8,0.1963733896566001,0.1503608300374955,0.6453488372093024,0.0358459771128358,0.1538461538461538,0.2247252747252747,8.8,0.7974481658692184,11.8250348130726,2.118466358875566,3.2,2100,6.0,31.09,1.2,60.9,212.7,9.8,9.3,1859.3221,1418,54.4,13.6,48.9,0.53,2303.70879851143,34.1,16.48059542796385,2,385.9134769,0.1497696153846154,9.0,7.86,2.16,7.442849548112706,9.037745879851142,1112.839447102605,0.0,1112.839447102605,5.840122093,100.0,70.18,63.15,77.17
27,Ascoli Piceno,202365,7.0,0.0537188634956966,8.860759493670885,30.1,0.2100431230140717,0.1740549027304173,0.6744186046511628,0.0290785956069478,0.0760869565217391,0.2521739130434782,11.9,0.9418729817007536,6.577224322387765,2.291716165585306,0.4,950,5.9,32.29,1.1,60.7,230.1,3.6,3.3,1228.4546,2570,53.1,-17.3,10.0,0.49,596.4133476856836,18.7,12.378902045209902,2,179.7330463,0.1472642391304347,9.9,11.63,1.0,6.458557588805167,5.920344456404736,211.8899354144241,44.29413347685684,256.18406889128096,4.081709302,57.6,65.06,57.43,72.72
28,Aosta,123360,5.4,0.0557065608882315,3.7735849056603774,26.2,0.1897052955594824,0.1455830388692579,0.7636363636363637,0.0439087224383916,0.1034482758620689,0.2724137931034482,15.3,0.7659574468085106,6.55804150453956,2.015881392549104,3.3,2450,6.3,31.45,1.3,59.0,199.5,4.4,4.2,3260.8426,961,39.7,-7.4,19.4,0.55,3376.645957446809,29.1,21.27659574468085,2,748.6391489,0.1479344827586206,10.6,9.54,0.58,11.914893617021278,9.361702127659576,51.63404255319149,8.037446808510639,59.67148936170213,4.809981818,100.0,69.78,66.04,73.5
29,Viterbo,308737,7.5,0.0471165793363401,3.603603603603604,36.9,0.1852347479607563,0.1571976739586217,0.7304347826086957,0.024288536845276,0.0080645161290322,0.2669354838709677,22.0,1.1768966141589716,9.674901291390409,2.13045898627773,2.6,1050,5.7,32.03,1.1,58.3,217.8,5.9,6.2,3615.9772,787,34.0,-17.8,14.2,0.5,654.7628100669925,14.1,9.053050878145934,3,163.6346189,0.1090293548387097,8.8,4.14,2.0,4.707586456635886,4.345464421510049,463.9773673728046,30.57794676806084,495.64385297845376,3.826530435,46.7,58.4,47.73,68.98
30,Cosenza,674543,16.0,0.0409010878285033,1.5463917525773196,47.1,0.1936565941154728,0.1568167460349713,0.7461928934010152,0.018137702118323,0.0300429184549356,0.2819742489270386,29.3,1.1729594669627983,4.778494477001466,2.192227587943149,0.6,1000,6.9,31.27,1.2,56.4,189.7,2.0,2.4,6709.4563,2032,21.3,-38.4,37.5,0.73,191.25638534147697,4.6,7.148806218767351,2,18.46425597,0.1099489699570815,8.4,4.67,0.59,2.2903942254303167,4.858411993337035,28.37104386451972,0.0,28.37104386451972,4.535949239,39.3,44.43,33.16,55.83
31,Treviso,877890,5.2,0.0542290504615585,-3.324808184143223,30.3,0.1773229202037351,0.1509608225391177,0.5634920634920635,0.0382395516522571,0.1553884711779448,0.23734335839599,15.0,0.8692386113644901,10.23807082891934,2.351763301877389,12.9,2100,6.8,31.42,1.3,56.8,175.3,4.9,4.8,2479.7945,2998,42.3,-6.1,24.0,0.72,325.26790792509524,8.2,13.84342973654558,2,138.4978269,0.1911385463659148,9.9,6.91,1.27,1.2341042013199548,12.609325535225627,177.57638031872082,7.185276600311209,271.5256210763535,3.693248677,66.0,66.08,55.04,76.92
32,Catania,1077515,16.3,0.0381711339170614,3.610108303249097,51.3,0.1720598720201143,0.1460293691430779,0.7560975609756098,0.0211705544702393,0.0906432748538011,0.2628654970760234,32.3,1.0540956006148892,3.0918363085432685,2.338914364236544,0.4,1100,8.2,30.21,1.4,55.1,147.6,-1.0,0.2,3573.5993,2877,58.5,-24.5,16.7,0.22,251.07777615108705,4.5,4.648268794378157,1,33.37372813,0.1401785087719297,8.1,7.29,0.92,1.5006222092086965,3.147646585169461,108.10980162506404,0.0,108.10980162506404,6.786912892,56.9,40.72,28.43,53.35
33,Potenza,349616,7.0,0.0440322813763617,0.0,42.9,0.1841751719436145,0.1471449127855964,0.6475409836065574,0.0271301942702851,0.0916030534351145,0.266412213740458,21.9,1.2642802741812642,3.158036245480756,2.243022030215097,0.7,1200,5.9,32.3,1.1,56.3,221.6,-1.0,-1.2,6594.2944,1033,34.5,-48.2,163.0,0.52,412.66686976389946,10.9,11.88118811881188,3,98.12947449,0.1337787786259542,9.9,12.43,0.54,5.331302361005331,6.549885757806551,99.73450114242192,0.5000761614623,100.23457730388424,3.745106557,28.0,53.15,39.45,66.69
34,Forli'-Cesena,391293,4.1,0.0560843948219472,2.312138728323699,26.7,0.1953043405606383,0.1529781123232014,0.632768361581921,0.0371608487757256,0.1576086956521739,0.2467391304347826,7.6,0.8279430789133247,11.513622783949623,2.228088580092983,1.0,2100,6.7,31.12,1.3,59.7,198.2,7.9,6.7,2378.4049,3253,42.4,4.4,25.4,0.65,1629.8221216041395,31.5,14.489003880983182,2,430.210608,0.1599199456521739,8.9,7.19,2.16,5.433376455368694,9.055627425614489,408.55575679172057,118.47723156532987,544.6377749029754,5.762728814,90.0,70.28,63.14,77.43
35,Biella,170027,3.9,0.0495785820525532,0.0,30.9,0.1522159015742823,0.1235356147168012,0.6231884057971014,0.0305598522587589,0.1527777777777778,0.2277777777777777,11.3,1.1078286558345642,5.679686167491046,2.060879714952697,1.7,1450,4.9,31.64,1.1,66.4,290.7,5.2,5.5,913.2699,416,59.0,-15.6,20.5,0.59,1586.679098966027,23.4,17.355982274741507,2,330.4675037,0.1718398611111111,10.8,8.79,2.08,6.646971935007386,10.70901033973412,327.21011816838995,0.0,370.15805022156576,6.079594203,62.2,66.42,62.12,70.7
36,Udine,518442,6.3,0.0549568599957029,3.636363636363636,26.4,0.1839480521772119,0.1504212363857159,0.6535087719298246,0.0358023462605267,0.1440329218106996,0.2160493827160493,11.7,0.8961347441157418,7.801258385701776,2.104692047301142,2.4,1300,5.7,31.83,1.2,62.2,243.5,5.8,5.5,4970.2672,3095,50.9,-4.2,22.1,0.64,1482.3444180522563,35.0,17.274886633556466,2,204.9988124,0.1664269958847736,11.4,9.45,1.66,3.347009285251566,13.927877348304902,1158.9879075793565,56.54221550421075,1215.530123083567,5.713219298,94.0,68.98,63.29,74.61
37,Bari,1226784,9.3,0.0451524764396693,2.403846153846154,41.9,0.1877834017763346,0.1589024280095576,0.7112676056338029,0.0256643304770848,0.1495726495726495,0.2615384615384615,22.4,1.1465066174207448,3.427416725356705,2.403893178766484,0.8,2200,7.0,31.98,1.2,55.0,179.8,1.3,2.3,3862.9963,2898,63.4,-17.7,9.5,0.45,577.5497076023391,11.6,8.310249307479225,1,67.33256387,0.1662813461538461,9.0,8.62,0.86,1.3850415512465375,6.925207756232687,396.76188827331487,15.03524161280394,411.7971298861188,6.221382629,92.7,52.67,37.65,67.93
38,Padova,929198,4.6,0.0551284096347104,7.552083333333333,29.0,0.2152013362042943,0.1847480283384574,0.6634382566585957,0.0391230394383113,0.125,0.2506944444444444,12.4,0.842082822576347,10.20277701846108,2.281476062548039,1.1,2450,6.4,32.1,1.2,56.3,187.5,5.7,5.8,2144.1658,4669,54.7,9.6,39.2,0.6,761.2607258967116,16.2,14.443319298619624,2,282.7036721,0.1908201851851852,10.5,10.7,1.27,3.997228588178863,10.446090710440762,203.99984011085647,2.9083302243777647,207.4056920535096,5.062234867,81.4,67.71,59.79,75.58
39,Ferrara,339573,8.3,0.0538841490794791,-2.7210884353741496,26.9,0.1866695853482186,0.1517246837719992,0.6223776223776224,0.0288610401887075,0.1089743589743589,0.2153846153846154,17.7,0.994417306350314,10.104454712241552,2.071951978602375,1.3,2100,5.4,31.21,1.2,64.4,269.1,10.0,9.2,2627.6089,1267,46.3,4.9,64.0,0.64,2656.848918353105,30.8,14.305652477320306,2,310.2679693,0.1222730128205128,13.2,7.22,2.16,8.199581297976273,6.106071179344034,357.06367759944175,4.340544312630844,363.5314026517795,4.898748252,90.5,67.01,60.31,73.71
40,Bergamo,1102997,3.4,0.0547957073086211,2.9473684210526314,30.0,0.1662650391258248,0.1358159591581091,0.523517382413088,0.0386641214799315,0.1719367588932806,0.2071146245059288,12.8,0.8229070450919473,10.777998489569782,2.301524681686876,1.9,2550,6.8,31.32,1.3,55.1,159.9,6.7,6.8,2754.9396,3157,42.9,-0.1,25.8,0.52,591.9893357964564,17.4,16.080275421949786,1,162.9232093,0.1649906126482213,8.2,8.32,1.29,3.610714585607524,12.469560836342264,231.4233352926358,6.479931144512554,237.91094970190613,4.576511247,93.0,67.56,57.75,76.98
41,Imperia,208670,9.5,0.0502830540458084,3.8461538461538463,31.4,0.1547117348047095,0.1289746631740923,0.7160493827160493,0.0270521397421766,0.0224719101123595,0.2730337078651685,25.4,0.9867566865749156,12.696123065126756,1.995038131093735,1.4,1950,5.9,30.92,1.3,64.6,258.9,9.6,10.9,1155.2624,758,28.0,-19.6,5.7,0.49,701.891716437289,11.2,9.088548428979486,1,120.4396261,0.1104765168539325,6.4,3.61,1.62,4.154764996104908,4.933783432874578,267.880550506362,4.152168267982343,272.03271877434435,3.112901235,28.8,62.1,52.3,71.88
42,Piacenza,283435,6.5,0.0563889999368779,0.8064516129032258,26.4,0.1905564088589406,0.151430057202288,0.632,0.0375960273078483,0.1940298507462686,0.2261194029850746,15.3,0.7782101167315175,14.86196129624076,2.15242247766564,2.1,1950,6.9,31.29,1.3,59.9,202.1,10.0,9.0,2585.765,2185,49.7,-2.8,28.1,0.56,1686.2960581965826,23.2,10.996447301641007,2,534.4977161,0.154530447761194,9.1,6.46,2.16,5.582811706986973,5.413635594654036,605.5249534765691,127.44662493655896,748.9375740145491,3.285616,100.0,68.82,59.77,77.62
43,Milano,3214630,5.5,0.0583390923536425,2.3415977961432506,25.8,0.2625491737649186,0.2450906890586021,0.7866756393001346,0.066632909541689,0.3653723742838956,0.2338001273074474,13.1,0.6973085590373741,14.421286431097824,2.056948879332879,0.9,5200,7.0,32.72,1.2,56.1,175.6,7.0,8.1,1575.5412,16541,76.7,35.5,18.9,0.58,1745.8688719758493,24.2,13.790268860637498,1,598.0863132,0.4199494143857415,13.3,14.74,1.29,5.00304718171124,8.787221678926258,292.409484530238,65.20719418342617,358.0967586490355,6.198080754,96.2,70.11,64.31,75.89
44,Trapani,417220,13.4,0.0380596400239718,0.0,49.9,0.1543355836560319,0.1314618117335537,0.7758620689655172,0.0187074924500263,0.0149253731343283,0.2917910447761194,24.6,1.156506701253783,4.922343128325584,2.230130633819945,0.4,900,7.3,30.92,1.4,57.9,191.7,-0.9,0.9,2469.747,2517,63.2,-40.2,7.2,0.51,430.5537181150021,7.1,5.296152183311716,2,40.50940337,0.0955170895522388,6.6,2.72,0.92,2.3778642455685257,2.9182879377431905,76.46292693471682,0.0,76.60743623000432,5.455241379,68.0,43.39,31.56,55.18
45,Messina,603229,21.5,0.0419027777233868,3.6809815950920246,44.8,0.1960744537113942,0.1603580819669385,0.7455621301775148,0.0208581649754902,0.0467289719626168,0.2411214953271028,29.3,1.1631638055510989,4.3699822123936345,2.154139315944032,2.3,1750,6.5,31.19,1.2,57.7,202.1,1.6,2.5,3266.8928,1545,65.8,-33.6,5.9,0.38,539.017327129793,8.7,8.262473929087117,2,48.9254773,0.1026947663551401,6.1,5.81,0.92,4.732873415690678,3.529600513396438,83.59521899566822,0.0,83.64567623937108,6.281786982,50.0,43.31,33.1,53.84
46,Vicenza,852139,3.5,0.055521300370235,2.666666666666667,29.0,0.1706385484730362,0.1433727482222616,0.5558441558441558,0.0400592626320353,0.1758793969849246,0.2266331658291457,9.1,0.7727891156462585,9.329229151582078,2.2983963204751,7.6,2150,7.0,31.5,1.3,55.7,176.3,4.7,4.6,2722.4813,3289,45.8,-8.7,25.9,0.58,582.6123537414966,15.3,12.843537414965985,2,203.3364898,0.1631084422110552,10.6,6.32,1.27,2.6122448979591835,10.231292517006803,169.26068027210886,2.945959183673469,174.26731972789116,3.246509091,78.9,68.56,61.34,75.5
47,Verbano-Cusio-Ossola,154249,5.9,0.0523012552301255,3.1746031746031744,29.5,0.1506859397079604,0.1170392873530482,0.6923076923076923,0.0275900005834721,0.0144927536231884,0.2144927536231884,19.5,1.015228426395939,6.2211100234037175,2.068784070772519,2.3,1650,5.0,31.62,1.1,62.5,261.9,7.6,8.3,2260.8919,1492,22.0,1.1,111.6,0.63,1036.4260054666147,15.1,11.714174150722377,2,387.3736822,0.1107605797101449,8.9,2.78,2.08,4.68566966028895,7.028504490433424,496.8149160484186,2.051932838734869,498.8668488871535,3.055323077,32.4,66.35,62.62,70.03
48,Vercelli,166083,5.5,0.0511803467468492,4.615384615384616,30.4,0.1483198785620644,0.1204441368341997,0.6176470588235294,0.0323521371844198,0.1944444444444444,0.2194444444444444,15.9,0.9508196721311476,8.87989740069724,2.105933834663655,2.2,1300,5.9,31.18,1.2,63.5,246.9,8.2,8.3,2081.6048,384,52.9,-7.9,52.1,0.49,655.9449180327869,14.9,15.737704918032788,3,235.5822951,0.1293788888888889,9.1,1.11,2.08,6.885245901639345,8.852459016393443,357.52032786885246,0.0,363.4790163934426,6.835941176,26.8,65.76,59.22,72.17
49,Massa Carrara,188483,8.9,0.0490597908438284,0.0,33.3,0.1753574432296047,0.1446715024829056,0.6944444444444444,0.0293229628136224,0.050632911392405,0.2531645569620253,19.9,1.2137559002022926,7.301454242557684,2.126175673521441,1.5,1300,5.2,31.26,1.1,63.0,265.3,5.1,5.4,1154.6496,1310,52.5,-6.8,17.7,0.38,1545.2208361429534,21.1,10.78894133513149,2,237.2262306,0.1289448101265822,11.0,3.64,1.58,6.068779501011463,4.720161834120027,122.88435603506406,15.510788941335132,138.3951449763992,5.918486111,58.8,60.72,51.1,70.27
50,Terni,218330,6.7,0.0481023878241506,-1.1904761904761905,34.6,0.2030466321243523,0.1627243904108026,0.7228915662650602,0.0260490999862593,0.0786516853932584,0.2550561797752809,14.7,1.1336672818349591,9.78701964915495,2.113402162744043,0.3,1300,5.2,31.51,1.1,65.3,258.9,4.9,4.7,2127.2265,1159,51.8,-18.5,156.9,0.62,810.5293962562615,15.1,15.291326127076193,2,193.9944635,0.1420801123595505,9.0,12.5,0.98,5.009227524387028,10.282098602689164,240.2831531769048,0.0,240.2831531769048,4.894385542,57.6,60.95,52.02,70.1
51,Campobasso,211586,11.1,0.0455421459237002,4.225352112676056,39.7,0.2096336499321573,0.165701548784411,0.6756756756756757,0.0253840518748877,0.0609756097560975,0.2878048780487805,21.4,1.2345679012345678,3.937406066563951,2.190177125241653,1.8,1400,5.6,32.08,1.1,58.5,237.0,4.6,4.7,2925.4074,334,64.6,-34.3,12.2,0.44,442.117415287628,15.0,12.60835303388495,3,128.1166273,0.1182792682926829,10.7,9.58,0.95,8.668242710795903,3.940110323089046,213.30338849487785,17.68321513002364,231.10191752035723,4.929216216,39.3,53.62,43.04,63.98
52,Lecce,775348,13.1,0.0425988979056556,3.389830508474576,43.6,0.1784919383881499,0.1541578432303105,0.7213114754098361,0.0200628491980375,0.0571428571428571,0.2796428571428571,24.3,1.2266630720496057,3.3141247543038737,2.270060908672404,0.6,1350,6.3,31.67,1.2,59.2,215.6,0.7,1.1,2799.0645,1486,23.5,-32.5,9.9,0.48,661.4885758576531,15.2,10.71645211296084,1,52.70553346,0.1297393214285714,6.1,8.4,0.86,2.69596279571342,8.02048931724742,516.5681067601267,2.273303228415448,518.8414099885422,5.19367623,85.4,49.07,38.33,60.14
53,Sondrio,178784,6.6,0.0531628577694194,2.73972602739726,30.2,0.1504036665832554,0.114012184508268,0.6266666666666667,0.0334996979595489,0.0875,0.24375,18.7,0.8006405124099278,5.742124574906032,2.200216275340882,0.8,1550,6.7,31.32,1.3,58.7,196.2,6.1,5.5,3195.6853,257,49.3,-17.3,304.3,0.6,373.4841206298372,10.6,12.27648785695223,2,130.7515346,0.13426125,11.1,4.09,1.29,2.4019215372297835,9.874566319722444,288.86175607152387,12.712570056044836,305.7269815852682,3.89048,77.9,65.22,59.27,71.06
54,Lucca,382464,6.8,0.0544989331141059,8.552631578947368,27.9,0.1783706691809187,0.148118878582163,0.6606060606060606,0.0330842902861445,0.0847457627118644,0.2485875706214689,17.4,0.9799619716249816,8.086774180053547,2.213488767116913,1.2,2000,5.4,32.31,1.1,60.7,229.9,7.2,7.3,1774.1985,870,36.8,2.2,17.7,0.61,1396.5713032031592,26.0,9.653356735410268,2,387.1823899,0.15054,12.4,5.88,1.58,5.850519233581981,3.802837501828287,291.3734093900834,0.4760860026327336,291.8845985081176,3.749436364,81.8,67.16,57.33,77.11
55,Sassari,476516,10.3,0.0464158419711586,3.0120481927710845,39.1,0.1787705427561288,0.1281022046538164,0.783625730994152,0.0247797975304082,0.0631578947368421,0.2557894736842105,23.3,1.260923845193508,4.278765036221239,2.071799254876178,3.5,1350,5.3,32.02,1.0,55.5,220.3,2.0,3.6,7693.841,3143,34.0,-12.0,18.3,0.51,1127.2498127340823,27.0,13.857677902621722,2,241.6166042,0.1335841052631579,7.5,3.79,0.83,5.742821473158552,8.114856429463172,680.7169787765293,20.488264669163545,701.2052434456929,5.113988304,39.1,54.63,46.66,62.55
56,Siracusa,385900,14.8,0.0399378198865765,2.7777777777777777,48.3,0.1568376147754642,0.1342330840780594,0.6846846846846847,0.0292820938066856,0.0769230769230769,0.2192307692307692,40.2,1.1637103152186197,3.8217154703291,2.282709598231576,0.7,1100,7.3,30.0,1.3,55.8,171.4,1.6,2.8,2124.8328,780,43.8,-35.3,8.4,0.39,508.2661846119083,11.2,6.665913456106655,1,83.8313185,0.1063900769230769,6.1,3.4,0.92,2.4855948480397694,4.180318608066885,347.19026098745906,24.63879787594622,371.8290588634053,5.328081081,81.0,44.06,28.83,59.24
57,Siena,261209,4.5,0.0548747027620267,1.7857142857142856,27.7,0.2245294806028983,0.1804847243883536,0.631578947368421,0.0347002974629511,0.1083333333333333,0.2491666666666666,15.9,0.850811238622873,10.838064538358172,2.150785715476012,1.0,2700,6.0,31.63,1.2,62.7,221.7,7.0,5.5,3820.8183,3002,38.4,-5.1,28.7,0.65,1607.8535813217254,26.1,14.641867827463397,3,565.8840522,0.1857831666666666,9.2,4.61,1.58,8.112386228729719,6.5294815987336765,119.09576573011476,8.239018599129402,127.64008705975463,3.372614035,91.4,69.0,61.34,76.77
58,Trento,540958,3.8,0.0562372188139059,2.5316455696202533,27.7,0.2172848887553678,0.1802674792933492,0.7160493827160493,0.043954410508764,0.1146245059288537,0.2415019762845849,11.1,0.6853135708024544,8.465906780193656,2.219536994556524,2.1,3050,7.4,31.47,1.4,57.8,166.9,7.3,6.4,6206.8635,4411,66.7,5.6,402.2,0.76,3072.08319387999,33.3,16.89377639652562,2,828.9897203,0.1717719762845849,14.8,14.34,1.48,8.048450075703244,8.845326320822377,315.9925093632959,13.123117379870909,329.1156267431668,5.803979424,93.4,69.49,63.47,75.44
59,Latina,567439,9.6,0.0485723497711656,1.9417475728155336,38.6,0.1794460801268802,0.1509961811238407,0.6238095238095238,0.0256409763868891,0.1120689655172413,0.2293103448275862,20.6,0.9795118765815036,9.29051404644376,2.313298201219388,0.7,1100,6.7,31.29,1.2,54.8,168.2,4.0,3.4,2258.634,920,42.8,-16.6,16.1,0.34,519.6854134356379,8.8,9.468614806954534,2,78.17361848,0.1147313793103448,8.3,3.12,2.0,2.612031670884009,6.856583136070525,147.65259978777243,2.3486246020733,150.53016080319975,4.065004762,51.5,55.49,43.62,67.16
60,Varese,877668,4.8,0.0535679810309525,0.8042895442359249,29.5,0.1844390681432864,0.1589545280331329,0.6117021276595744,0.0342165032791442,0.1421319796954314,0.198223350253807,11.9,0.8343330788526556,8.437586877953851,2.239110360792439,0.6,2200,6.5,32.0,1.3,59.4,187.9,6.5,7.6,1198.2536,3128,37.1,8.8,19.8,0.58,767.8860290107973,13.0,14.887119642272877,1,307.1084088,0.1521619289340101,10.8,4.39,1.29,3.27189442687316,11.615225215399716,224.43630712182355,14.14129130766714,245.15546951685025,4.132053191,69.6,67.18,58.71,75.57
61,Taranto,559892,13.6,0.0394202898550724,2.5316455696202533,48.3,0.149852475322005,0.1261708213031868,0.6358024691358025,0.0217821829924342,0.1176470588235294,0.2395721925133689,31.8,1.3727272727272726,2.6380087588320604,2.321572745108703,0.7,1050,6.2,30.97,1.2,57.8,194.7,-1.1,-0.3,2467.7149,4193,45.7,-44.3,19.4,0.51,734.4645454545455,13.2,7.272727272727272,1,45.24445455,0.1165679679144384,7.0,3.85,0.86,2.7272727272727275,4.545454545454545,319.55427272727275,0.1440909090909091,319.69836363636364,5.658067901,100.0,44.69,29.48,60.26
62,Sud Sardegna,337178,12.3,0.0435789654284978,-1.7543859649122806,40.2,0.1182003363090762,0.0757477472395752,0.7232142857142857,0.0177726897958941,0.0078740157480314,0.2165354330708661,24.7,1.452689438555163,1.5967827082431238,2.184455068300904,2.4,800,4.4,32.31,0.9,60.4,276.9,-0.2,0.7,6532.9875,181,12.4,-45.6,90.6,0.53,441.0045151158225,18.6,12.956419316843345,3,189.5708677,0.0577014960629921,8.9,5.82,0.83,4.907734589713388,8.048684727129958,842.737141735375,18.35689045936396,861.0940321947389,4.416598214,36.4,52.48,41.96,62.66
63,Nuoro,200376,7.8,0.0438909631432952,-2.7777777777777777,40.8,0.1657320364854802,0.1061511939258335,0.6714285714285714,0.0220782429033417,0.04,0.2933333333333333,23.4,1.2316715542521994,2.270731025671737,2.110343723313407,2.2,850,5.0,31.98,1.0,59.7,236.4,-1.4,-0.4,5639.9476,1937,15.4,-46.5,34.8,0.44,701.6521994134897,19.1,10.850439882697948,3,346.8947214,0.0901572,7.8,4.57,0.83,4.98533724340176,5.865102639296188,803.9580645161291,90.04868035190616,894.0067448680352,3.733471429,33.8,54.58,46.63,62.27
64,Arezzo,334926,5.3,0.0555683366662537,2.7586206896551726,26.5,0.1877091024957227,0.1419456676476879,0.5704697986577181,0.0342143339125657,0.0764331210191082,0.2420382165605095,12.9,0.8368837492391966,10.558451717692863,2.244156370265344,0.9,2100,6.0,31.86,1.2,61.2,220.5,5.2,4.9,3232.997,1424,37.5,-11.0,30.0,0.6,1407.7627814972611,25.4,11.716372489348752,2,509.7528911,0.1375387898089172,6.7,4.27,1.58,7.151552038953135,4.564820450395618,205.2463481436397,45.786975045648205,251.0333231892879,3.595825503,97.2,69.59,62.84,76.34
65,Verona,924024,3.2,0.0555518146926132,2.9702970297029703,29.5,0.1903925572018535,0.1637590974270176,0.6346153846153846,0.038947852003844,0.1655011655011655,0.2377622377622377,13.7,0.7470239529615885,12.015921664372357,2.275533253415497,2.8,3150,7.0,31.63,1.3,56.3,169.7,6.3,5.5,3096.279,3354,56.7,8.4,27.7,0.46,919.4579497807124,15.9,14.07296737192154,2,298.1055955,0.1848973892773892,11.5,8.58,1.27,3.277266374283098,10.79570099763844,201.31264157308783,8.652031423201118,223.48556556942503,4.416127404,78.6,68.3,61.34,75.12
66,Asti,208286,7.9,0.0546429425224548,0.0,26.3,0.149929547538637,0.1216104886545523,0.6179775280898876,0.0285087331841794,0.0833333333333333,0.2510416666666666,14.2,0.8729139922978177,11.481328557848345,2.143194746528359,1.2,1550,5.9,31.11,1.2,62.9,229.6,8.3,7.8,1510.1731,1454,35.7,-2.6,28.2,0.48,866.7848523748395,13.8,12.32349165596919,3,315.5363286,0.1232466666666666,9.9,5.16,2.08,5.134788189987162,7.188703465982028,168.2849807445443,0.0,175.0023106546855,4.338134831,52.5,67.89,60.61,75.09
67,Bologna,1010812,3.6,0.0573055766815826,1.0775862068965518,25.7,0.2669749551515096,0.2256848646819525,0.6993603411513859,0.0467035413113417,0.2098765432098765,0.2323045267489712,13.1,0.7320298479267026,11.94762230761012,2.02464820616839,1.8,3550,6.7,32.35,1.2,58.4,199.8,9.6,9.0,3702.223,3940,61.7,46.1,22.4,0.62,3434.2684424293943,38.2,14.310002833663928,2,559.3177482,0.234062366255144,16.2,10.92,2.16,8.21762538962879,6.0923774440351375,439.5191272315104,26.46835741947672,470.2330688580335,6.167929638,96.4,71.6,66.54,76.71
68,Caltanissetta,251715,20.1,0.0348862425631016,-4.761904761904762,55.1,0.1481843746179239,0.1308588514279822,0.6833333333333333,0.0187392487535506,0.0675675675675675,0.254054054054054,41.6,1.3883746760459088,2.8738851478855056,2.333017282652573,0.9,850,7.0,30.68,1.2,55.1,172.7,-4.6,-3.4,2138.3295,271,54.2,-62.5,10.5,0.43,330.8585708996668,3.6,4.257682339874121,1,23.16882636,0.1517368918918919,5.0,7.73,0.92,1.8511662347278783,2.406516105146242,337.8731951129212,0.0,337.8731951129212,5.07755,22.7,35.84,20.82,51.29
69,Macerata,304986,6.2,0.0532790096372326,4.918032786885246,30.4,0.205045994121913,0.1624856815578465,0.59375,0.0306035031116182,0.1323529411764706,0.2830882352941176,12.9,0.9067357512953368,9.21943958083322,2.308651026392962,0.9,950,6.1,31.96,1.2,62.0,212.1,4.2,4.0,2779.4529,2088,38.0,-15.2,21.0,0.62,746.7535621761658,18.3,12.953367875647668,2,274.8196244,0.1521033088235294,6.6,8.37,1.0,4.533678756476683,8.419689119170984,299.0775582901554,10.655278497409329,309.7328367875648,3.217171875,45.5,65.27,56.02,74.48
70,Vibo Valentia,151558,14.4,0.0416499673872896,12.5,46.4,0.1746996556156861,0.1418555275761615,0.6444444444444445,0.0184136106309135,0.0,0.290566037735849,16.7,1.0914454277286136,4.375882500428879,2.313099730458221,0.4,800,7.3,31.26,1.3,56.7,181.8,-1.1,-0.4,1150.2187,319,25.7,-52.2,13.1,0.53,102.84454277286136,4.0,7.079646017699115,3,20.2539823,0.076617358490566,12.4,2.24,0.59,1.4749262536873156,5.604719764011799,4.705014749262537,0.0,4.705014749262537,3.065777778,12.0,45.88,33.88,57.92
71,Parma,448916,5.4,0.0586881073885659,2.4630541871921183,24.9,0.2236214223809374,0.1863954964402009,0.5913461538461539,0.0428486621105062,0.1909090909090909,0.2204545454545454,10.9,0.6778661951075744,14.878061820028693,2.154971421967767,2.5,2550,7.2,31.41,1.3,57.1,178.2,10.6,11.0,3447.4005,4015,52.1,23.3,88.4,0.65,2017.921799783869,28.3,13.066116514392377,2,510.7407407,0.1876763636363636,15.3,7.16,2.16,6.778661951075744,6.287454563316633,238.38677669712152,6.58492975734355,244.97170645446508,6.347302885,77.3,71.06,63.23,78.81
72,Prato,258123,6.3,0.0592069050052962,10.091743119266056,27.1,0.1501603556980939,0.1209202626550663,0.5833333333333334,0.0347008209264575,0.03125,0.24921875,14.0,0.8025053826580544,20.61381589397303,2.375181863386066,2.4,1450,5.7,32.08,1.1,55.5,171.8,9.4,9.6,365.7562,1282,86.6,-6.4,28.0,0.47,1566.9565472695244,32.1,15.658641612840086,1,208.346056,0.1468175,9.5,2.63,1.58,4.306126443531024,11.35251516930906,873.1559992170679,4.842239185750636,877.9982384028185,3.428291667,100.0,68.34,62.74,73.87
73,Genova,817402,6.9,0.0527880019379704,4.281345565749235,27.6,0.2178270330559534,0.1951018320949925,0.8035190615835777,0.0379890555687409,0.1616438356164383,0.24,12.1,0.9660828468167916,9.134428347373753,1.927334699909425,1.3,2950,5.7,32.15,1.2,66.3,268.7,10.0,9.2,1834.1528,4916,71.4,6.0,21.4,0.53,1786.9340422574369,17.1,13.552960800667222,1,242.9445371,0.1850577534246575,11.9,9.31,1.62,4.448151237142063,9.104809563525158,363.4056157909369,0.4809563525159855,363.8865721434529,5.494445748,49.3,67.41,59.54,75.39
74,Roma,4216874,7.5,0.0539484320777942,2.6102088167053363,31.2,0.2626325472596575,0.2412352588446931,0.8671565856416055,0.0450891442333823,0.2136125654450262,0.2242931937172774,16.3,0.8638287566171129,11.832414248089936,2.100370448697967,0.7,1050,6.3,32.7,1.2,55.0,172.0,5.7,6.9,5367.5181,7657,76.9,20.1,17.0,0.44,2641.0212900919187,25.1,12.767135294728224,1,400.4715306,0.2678068062827225,12.2,7.2,2.0,3.644457771575536,9.122677523152689,524.6643408260002,99.3484839747656,624.0128248007658,6.512560204,43.0,63.65,57.12,70.4
75,Frosinone,470689,9.0,0.0471982325768226,2.380952380952381,38.2,0.1798573734526719,0.1400856744895009,0.6686046511627907,0.025096040060422,0.0904255319148936,0.2186170212765957,14.8,1.0907924286172603,4.966549037687305,2.294158180466893,1.1,1100,6.3,31.51,1.2,58.1,201.3,-0.2,0.6,3246.9628,1413,40.8,-29.2,32.3,0.48,494.16811036252807,10.2,7.592770826649557,3,100.6889103,0.1199769680851063,8.1,2.77,2.0,4.705379103839161,2.8873917228103942,95.35910597797027,1.559726232488504,96.91883221045876,4.246,31.9,56.24,44.21,68.23
76,Enna,156730,13.0,0.0398961195378072,0.0,47.8,0.1529611383154479,0.1267614790735473,0.6521739130434783,0.0181329675237669,0.0,0.2528301886792453,30.2,1.376,2.422637657117336,2.226780141024159,0.6,900,6.5,30.48,1.2,57.3,204.5,-3.5,-3.7,2574.6661,935,27.9,-55.3,13.0,0.46,419.392,9.0,5.44,2,38.84768,0.0773903773584905,9.5,6.75,0.92,2.88,2.56,78.47456,0.0,78.47456,4.531847826,55.0,45.41,31.08,60.07
77,Livorno,327262,5.0,0.0511124149176262,0.7462686567164178,30.5,0.1776206467402262,0.1493074498393647,0.8,0.0311586435333158,0.0985915492957746,0.2316901408450704,13.2,1.045728465083304,8.148517090282404,2.083273980249861,0.8,1700,5.6,32.08,1.2,63.9,245.6,8.1,7.3,1215.0489,1624,37.3,6.7,12.8,0.57,1848.6281460475009,31.1,13.293158454448776,2,644.5257001,0.1509525352112675,8.7,3.67,1.58,6.3807160581354125,6.912442396313365,602.2715349166962,4.182027649769585,610.8846153846154,3.148762963,78.9,66.04,56.72,75.49
78,Chieti,373717,11.4,0.0478579601099148,-3.597122302158273,36.8,0.2035637618037201,0.162748020802279,0.6119402985074627,0.0295361463353286,0.1788079470198675,0.2642384105960265,19.8,1.0972007314671544,5.187615227565243,2.266588524019707,1.9,1100,6.1,32.11,1.2,60.6,218.0,4.2,4.5,2599.6114,2871,57.1,-20.5,8.9,0.46,480.6107750738501,13.7,13.082008721339148,2,162.3678436,0.1626714569536423,7.7,4.68,1.14,6.189337459558306,6.892671261780841,153.4605429736953,7.055282036854691,160.51582501055,4.796686567,56.7,55.98,43.2,68.81
79,L'Aquila,288956,9.2,0.0482162047309086,-1.834862385321101,36.7,0.2307179932903896,0.1786756566368119,0.7009345794392523,0.0289970791400766,0.0932203389830508,0.2406779661016949,23.0,1.118035190615836,7.944808206093662,2.18027005778229,0.7,1650,6.1,32.37,1.2,59.4,220.5,3.8,3.5,5047.3357,5203,47.4,-19.4,33.5,0.47,305.73881964809385,8.3,8.797653958944283,2,95.51704545,0.1392897457627118,10.0,9.66,1.14,2.932551319648094,5.865102639296188,89.69391495601172,29.389479472140764,119.08339442815247,4.863084112,88.9,57.48,45.91,68.71
80,Foggia,599028,16.9,0.0419089840149998,5.421686746987952,46.7,0.1613234697932429,0.1346887072745789,0.6857142857142857,0.020364674105384,0.0473933649289099,0.266824644549763,34.9,1.1690020902686382,5.170542946239575,2.368334556594441,0.9,1250,7.0,30.52,1.3,55.3,172.5,-1.6,-1.1,7007.8605,2138,42.5,-52.0,9.4,0.41,376.7865603468297,7.7,7.122396841371836,1,26.78191531,0.0883583886255924,5.4,3.45,0.86,1.9354339242858247,5.18696291708601,332.1539057056592,0.0414182859797166,332.19532399163893,5.910537143,75.4,44.34,31.18,57.32
81,La Spezia,215117,8.2,0.0516225403781625,-1.1494252873563218,30.0,0.1835133105585463,0.1586817803043274,0.7674418604651163,0.0362314461432615,0.0851063829787234,0.2287234042553191,16.8,0.9364717792963808,9.730983604271165,2.063696915209342,1.1,1900,5.6,31.48,1.2,63.3,249.6,8.4,8.4,881.6061,2974,36.5,-2.5,13.3,0.68,887.8807896735004,17.9,14.42672741078208,1,239.261959,0.1539398936170213,12.6,3.13,1.62,7.593014426727411,6.83371298405467,383.5125284738041,2.3125790939002786,385.8251075677044,3.204465116,65.6,64.23,55.06,73.32
82,Pordenone,309473,3.1,0.0539282907813438,0.0,29.9,0.176147487906144,0.1428194065334155,0.5661764705882353,0.0349620160724845,0.1571428571428571,0.2057142857142857,14.8,0.8352668213457077,10.752149622099504,2.255886038382906,2.1,1300,6.5,31.25,1.3,59.7,191.8,7.7,7.1,2275.3488,1720,33.1,-5.7,44.2,0.72,1461.5156999226606,31.5,14.23047177107502,2,76.67068832,0.1487000714285714,11.5,10.55,1.66,2.010827532869296,12.219644238205722,1090.9780355761795,23.55328692962104,1114.5313225058003,5.04075,100.0,67.96,58.04,77.64
83,Fermo,168294,4.4,0.052155649373075,1.4285714285714286,31.6,0.1902675594500013,0.1411666617909487,0.5492957746478874,0.0273528468038076,0.027027027027027,0.2837837837837837,14.4,0.9514747859181732,9.804865295257107,2.310418133377507,0.7,950,5.8,31.88,1.1,60.9,223.0,4.5,4.5,863.0943,902,30.3,-22.0,26.2,0.56,645.1148112908342,20.3,14.272121788772598,2,214.5569299,0.1147728378378378,7.9,6.56,1.0,6.026006977481764,8.246114811290834,254.8046305106248,26.63590231525531,281.72597526165555,2.91856338,55.0,65.39,58.8,71.94
84,Cagliari,421688,13.9,0.0518774703557312,1.2422360248447204,32.4,0.2386401848955692,0.1883403871707965,0.8220858895705522,0.0321310068107226,0.1375661375661375,0.2211640211640211,15.2,1.217678893565845,3.579186507560092,2.08722468277178,0.8,1400,4.9,32.59,0.9,54.1,226.7,3.0,3.4,1250.3269,5700,75.3,12.8,53.2,0.62,801.7773601924233,26.5,15.784726398075763,1,233.3917619,0.1953479365079364,19.6,5.03,0.83,2.254960914010824,13.529765484064944,833.1713770294648,117.37026458208058,950.5416416115454,6.444822086,100.0,58.25,51.29,65.36
85,Palermo,1208991,18.0,0.0389483159821235,1.2539184952978055,49.6,0.1718678039890256,0.1484687442732868,0.8390092879256966,0.0218474496501628,0.086734693877551,0.238265306122449,33.9,1.028971028971029,2.7915840564569963,2.362499335031711,0.4,1850,8.0,30.47,1.4,56.8,156.8,-2.2,-0.4,5009.5156,1557,76.3,-23.8,12.1,0.26,395.268031968032,6.1,6.926406926406926,1,28.72377622,0.1342626530612244,7.2,7.75,0.92,1.6317016317016315,5.294705294705295,258.208658008658,1.1872127872127871,259.3958707958708,7.925674923,39.0,41.38,30.86,52.28
86,Napoli,2988376,21.0,0.040882664346104,5.338541666666666,49.1,0.1670962394036926,0.1452750811623343,0.7824474660074165,0.022384371979965,0.1000981354268891,0.2333660451422964,33.2,1.0523238819058756,4.059295082011099,2.583013408591337,0.6,3200,8.3,30.9,1.4,51.5,130.3,-3.1,-0.6,1180.1624,1791,73.2,-29.6,13.6,0.41,451.0732507772847,4.8,5.235045574127714,1,29.62239909,0.1483524239450441,6.3,6.23,1.33,1.4881347824931572,3.746910791634556,87.82172942520793,1.7146235816215354,89.53635300682947,5.885051916,68.5,40.2,27.52,53.28
87,Cremona,351654,5.4,0.0520040117380483,2.097902097902098,31.0,0.1698050124374782,0.1372210776268463,0.6095890410958904,0.0375321480773715,0.1623376623376623,0.2077922077922078,16.2,0.8887065901011758,11.844881616589037,2.256618695708544,2.2,1950,6.3,30.84,1.2,59.3,199.3,8.1,7.7,1770.3465,1359,57.7,-6.1,32.9,0.62,649.1804757998359,15.4,11.484823625922887,2,263.866694,0.1538540909090909,6.4,6.3,1.29,3.4181022696199066,8.066721356302981,200.0505879135904,1.80872299699207,202.637270987148,3.388267123,85.8,65.3,55.79,74.51
88,Rieti,151143,10.1,0.0480389270273202,0.0,35.0,0.1877465159084932,0.1501090840104973,0.7678571428571429,0.0242871982162587,0.0806451612903225,0.2306451612903226,19.7,1.081282624906786,8.746021979185274,2.088261118002035,0.8,1050,5.6,31.96,1.1,59.9,245.7,5.6,4.8,2750.2466,2141,49.1,-28.6,347.3,0.53,910.8501118568232,15.4,6.711409395973154,3,138.3512304,0.1121966129032258,10.0,5.28,2.0,4.1014168530947055,2.609992542878449,155.5730797912006,2.3109619686800893,157.8840417598807,2.942553571,28.8,58.42,50.3,66.21
89,Isernia,80564,10.1,0.0482971592489059,3.4482758620689653,35.4,0.217816325346638,0.1704657485137274,0.7,0.0236740976118365,0.0303030303030303,0.2515151515151515,19.5,1.0906612133606,3.887592473064892,2.201948232674645,1.0,950,6.3,32.07,1.2,60.5,245.5,2.1,1.1,1535.1556,555,57.8,-43.1,1022.2,0.35,327.99522835719154,15.1,15.678254942058624,3,36.95841854,0.1156312121212121,7.6,9.55,0.95,9.54328561690525,6.134969325153374,314.7034764826176,26.773006134969325,341.4764826175869,7.7302,30.8,58.09,48.53,67.41
90,Rovigo,228902,8.2,0.0515308751575263,0.0,30.2,0.1551497005988024,0.1218163556589311,0.5913978494623656,0.0293042000506767,0.1683168316831683,0.2346534653465346,23.4,1.1592602815346398,8.400538221597015,2.211739857432016,0.8,1250,5.1,31.56,1.1,61.1,256.8,5.4,5.7,1824.0777,1516,43.5,-27.9,38.0,0.41,949.75075903947,17.4,18.216947281258623,3,329.3786917,0.1386088118811881,4.6,6.79,1.27,5.520287054926856,12.696660226331767,149.68534363786918,1.727849848192106,188.35688655810105,3.73583871,90.0,64.08,54.43,73.53
91,Ancona,461687,7.9,0.0547390599341065,2.083333333333333,27.2,0.2188388572116325,0.1772255656938242,0.6632653061224489,0.0332008915130813,0.1226415094339622,0.2226415094339622,12.6,0.8295454545454545,8.876576555112013,2.217745909956225,0.6,1750,5.7,31.69,1.1,61.2,210.8,7.5,7.1,1963.8215,3726,60.0,-3.6,53.6,0.61,1115.2892045454546,26.1,15.113636363636363,2,309.6934091,0.1666028301886792,12.2,8.93,1.0,6.136363636363636,8.977272727272728,314.1627272727273,21.43465909090909,335.5973863636364,5.422142857,91.5,67.08,61.55,72.58
92,Perugia,640482,7.3,0.0540374348988661,-0.7380073800738007,28.7,0.2185202520252025,0.1709698313934088,0.6728624535315985,0.029681396198488,0.0896551724137931,0.2489655172413793,14.3,0.8628336424481896,10.663063130579784,2.236916142889839,0.9,1900,5.9,31.49,1.1,61.7,211.8,5.2,5.1,6336.9761,2310,50.7,-10.3,64.4,0.63,1275.5739053302152,20.3,16.61156358358197,2,309.1236191,0.1445700344827586,12.4,8.21,0.98,5.725344730263688,10.88621885331828,126.8598500120958,17.840254818159824,144.73792436093862,4.16935316,66.1,66.15,60.09,72.33
93,Cuneo,580155,3.7,0.0560646722483994,0.7662835249042145,27.0,0.1605595175044238,0.1243748964356881,0.5475285171102662,0.0371959907266161,0.1470588235294117,0.2797794117647059,12.3,0.7226107226107227,10.604235075109235,2.199439083555889,1.5,1750,6.8,30.73,1.3,60.4,190.0,7.7,7.2,6894.8232,2657,42.8,-2.5,32.7,0.64,406.74918414918415,10.9,10.48951048951049,3,176.8363636,0.1689142279411764,7.8,11.6,2.08,2.797202797202797,7.6923076923076925,316.32307692307694,6.184459984459984,361.4775446775447,3.765509506,34.4,70.31,63.33,77.08
94,Mantova,404476,4.4,0.0563754427390791,4.597701149425287,27.3,0.1599241650867726,0.1266386979315719,0.5384615384615384,0.0365501043325191,0.1832460732984293,0.2172774869109947,14.9,0.8216241962371994,13.144908474173992,2.317465875302788,2.8,2100,6.4,30.88,1.3,58.8,188.9,10.3,10.1,2341.3559,4217,80.1,-4.6,40.9,0.67,990.9595141700404,17.8,11.788521076446772,3,221.6069302,0.1542505759162303,7.3,4.18,1.29,4.405810907358895,7.382710169087878,346.6652774470112,8.119552274351037,355.8598475827578,3.407763736,95.3,69.48,60.19,78.38
95,Pavia,534506,6.1,0.0549679501387497,3.555555555555556,28.9,0.1901980326732244,0.1628314283225359,0.6824034334763949,0.0294405862609587,0.1048387096774193,0.2028225806451613,19.3,0.8678237650200267,11.698278410345251,2.140286145185615,0.5,2300,6.3,31.5,1.2,58.5,208.3,10.9,11.5,2968.5305,3155,23.9,4.8,24.9,0.48,853.2556742323097,15.4,13.35113484646195,2,255.1048064,0.1230974596774193,9.7,6.43,1.29,3.909975205035285,9.441159641426664,143.72382223917603,0.869826435246996,144.59364867442304,7.658944206,34.9,66.78,59.33,74.05
96,Bolzano,532616,2.3,0.0617522015004178,5.2,24.2,0.1730004408659535,0.1383547369335121,0.7186311787072244,0.056046701563603,0.1152416356877323,0.2550185873605948,9.9,0.4593594487686614,9.686716133199152,2.265191262452206,4.5,3050,9.2,30.57,1.6,55.2,129.0,3.2,3.4,7397.8415,3923,22.2,-6.1,227.5,0.79,1829.12351665178,21.6,23.47837182595381,2,446.9837948,0.1438038661710037,8.1,10.13,0.83,5.550593339287993,17.92777848666582,692.6291310450428,57.94155927012888,750.5706903151716,3.001745247,,74.06,68.99,79.03
97,Matera,191552,7.8,0.0443041479758542,0.0,42.5,0.1870625714953443,0.151925251902118,0.6417910447761194,0.0232523283494821,0.0277777777777777,0.2819444444444444,18.3,1.1526639344262295,5.817219345138657,2.243858986762311,1.0,1200,6.0,31.9,1.1,56.1,201.3,3.5,3.8,3478.8824,1420,43.1,-37.8,17.2,0.55,335.46618852459017,8.6,9.73360655737705,2,158.1800717,0.1147684722222222,8.9,7.06,0.54,3.329918032786885,6.403688524590164,127.4390368852459,38.83196721311475,166.27100409836066,3.56941791,19.4,53.03,40.7,65.2
98,Pistoia,289414,6.2,0.0545795527759653,4.201680672268908,28.9,0.1591187657659795,0.1257982671131209,0.6693548387096774,0.028712536366589,0.0225563909774436,0.2541353383458646,12.1,0.8823529411764706,10.250713510749309,2.261542920707538,1.2,1800,5.9,32.09,1.2,61.0,215.2,7.9,7.9,964.2377,761,37.1,-8.0,21.4,0.41,1259.4422794117647,22.0,11.580882352941178,1,370.5356618,0.1248504511278195,8.6,2.87,1.58,5.698529411764706,5.88235294117647,315.07481617647056,5.478125,320.5529411764706,2.806024194,90.0,66.76,59.23,74.42
99,Alessandria,407264,7.2,0.0522291155677391,-2.3255813953488373,28.7,0.1622956498418835,0.133509702287609,0.6011904761904762,0.0322486397029936,0.1049723756906077,0.2198895027624309,15.3,1.0380116959064327,11.1976506639428,2.040619504457249,1.8,1450,5.6,31.21,1.2,64.2,262.9,8.7,8.8,3558.7881,1362,35.4,-11.0,27.3,0.32,658.0701754385965,15.7,12.42690058479532,2,233.2690058,0.1295365745856353,8.6,4.14,2.08,6.7251461988304095,5.701754385964913,192.30877192982456,0.5584795321637427,195.08201754385965,4.922470238,48.1,66.18,57.09,75.13
100,Reggio di Calabria,522127,14.0,0.0372189623720885,0.0,52.0,0.1940154264145438,0.1576464905838923,0.75,0.0201443135482363,0.0432098765432098,0.295679012345679,28.3,1.1466950610205586,5.548458516797637,2.322091895387268,0.5,1100,7.6,30.94,1.3,57.2,168.3,-2.1,-1.6,3208.4109,1705,40.7,-45.6,37.2,0.42,303.6388729625686,3.9,8.436399377508396,2,10.3969203,0.0959583333333333,6.9,6.85,0.59,1.1466950610205586,7.289704316487837,198.5698255385372,0.3997051355557375,198.96953067409288,4.392521429,24.7,41.25,29.06,53.84
101,Barletta-Andria-Trani,380616,11.0,0.042021515015688,8.035714285714286,46.6,0.1426734404297369,0.1156096915133059,0.6446280991735537,0.0182001282132122,0.037037037037037,0.2733333333333333,23.3,1.247352318192516,2.723217100699918,2.520470447124675,0.7,2105,7.1,31.37,1.3,51.4,154.9,-1.6,-0.4,1543.3412,1305,63.2,-37.0,5.5,0.43,259.0155330666039,6.8,5.413038361967522,1,22.41315604,0.0955408888888889,5.1,8.1,0.86,1.2944222169922333,4.118616144975288,245.89609319839963,0.0,245.89609319839963,3.837066116,100.0,47.49,28.09,66.85
102,Salerno,1064493,14.5,0.044223871062847,2.1021021021021022,44.0,0.1886048011497408,0.1627152441782533,0.7147058823529412,0.0221945846520362,0.053030303030303,0.2621212121212121,21.8,1.0686141024054132,4.697447517268785,2.427217076302275,0.8,2550,7.3,31.6,1.3,53.8,168.4,0.1,1.3,4956.5806,1041,58.9,-29.2,19.4,0.37,553.4473325906672,10.2,7.385402483805752,3,66.66629533,0.1211474242424242,8.8,8.11,1.33,4.16718240706358,3.218220076742172,110.8963568098362,0.4229071254693237,111.31926393530551,5.376814706,96.2,47.86,35.17,60.62
103,Savona,268038,5.1,0.0500627980712648,4.854368932038835,30.4,0.1757831778828056,0.1471373343151693,0.75,0.0330431505980495,0.0526315789473684,0.2894736842105263,13.2,1.1564786405475571,8.720405315664197,1.949324523192842,0.7,1800,5.2,31.68,1.2,67.0,284.0,8.1,8.4,1546.5952,2651,23.2,-10.8,5.9,0.53,781.273778616946,14.6,12.508850601840924,2,204.5765872,0.1338133333333333,15.2,3.58,1.62,5.428369129100779,7.080481472740146,359.45338683030445,54.240736370073165,413.6941232003777,3.98137963,42.0,66.06,56.21,75.96
104,Crotone,163553,17.2,0.0352596357973452,-2.4390243902439024,55.5,0.1566416414919391,0.1300756838237603,0.675,0.0198491620453308,0.0416666666666666,0.3208333333333333,31.4,1.089108910891089,5.35178199115883,2.306804400245409,1.0,850,8.3,29.85,1.4,56.1,152.1,-1.9,-1.3,1735.592,1281,44.2,-56.3,3.5,0.36,181.0101485148515,9.6,9.15841584158416,2,26.57920792,0.108665,5.0,4.21,0.59,1.2376237623762376,7.920792079207921,255.46039603960395,0.0,255.46039603960395,6.497325,18.5,36.88,26.58,47.3
105,Ragusa,316142,9.9,0.0470215275170737,0.9009009009009008,40.0,0.1528682980816527,0.1315283360920627,0.6517857142857143,0.0207136982748258,0.0241935483870967,0.2379032258064516,25.7,0.8689081979599547,9.54824098031897,2.361021263851453,1.4,950,8.3,30.21,1.4,54.3,151.1,6.8,7.9,1623.8913,166,58.0,-29.6,22.8,0.5,265.5093816899635,4.4,4.15564790328674,2,17.15577383,0.0906195161290322,8.3,3.56,0.92,1.6370734164462917,2.518574486840448,19.89761994710993,0.0,19.89761994710993,4.601973214,58.3,54.01,41.86,65.76
106,Grosseto,217009,6.1,0.0562648777320926,5.376344086021505,26.3,0.1739221125967334,0.1409329235219671,0.7346938775510204,0.0283381795225082,0.0192307692307692,0.2836538461538461,13.0,1.0323660714285714,10.054882516393327,2.062203383343539,3.1,1350,5.4,31.83,1.2,64.7,265.6,7.3,7.4,4503.5097,1114,54.5,-5.8,34.4,0.46,1127.748883928571,23.9,14.229910714285714,3,345.3356585,0.1188271153846154,15.3,2.09,1.58,7.254464285714286,6.975446428571429,471.31166294642856,3.0658482142857144,474.3775111607143,2.615295918,82.1,69.16,58.23,80.15
